[1, 0, 0, 0, 0, 0, 0, 0] 0 [1, 0, 0, 0, 0, 0, 0, 0] [0.919, 0.011, 0.017, 0.001, 0.037, 0.006, 0.009, 0]
[1, 0, 0, 0, 0, 0, 0, 0] 1 [0, 1, 0, 0, 0, 0, 0, 0] [0.01, 0.921, 0.005, 0.016, 0.001, 0.027, 0.003, 0.017]
[1, 0, 0, 0, 0, 0, 0, 0] 2 [0, 0, 1, 0, 0, 0, 0, 0] [0.026, 0.004, 0.9, 0.03, 0.009, 0.006, 0.018, 0.007]
[1, 0, 0, 0, 0, 0, 0, 0] 3 [0, 0, 0, 1, 0, 0, 0, 0] [0.005, 0.011, 0.011, 0.927, 0.009, 0.013, 0.006, 0.018]
[1, 0, 0, 0, 0, 0, 0, 0] 4 [0, 0, 0, 0, 1, 0, 0, 0] [0.015, 0.004, 0.008, 0.003, 0.92, 0.03, 0.015, 0.005]
[1, 0, 0, 0, 0, 0, 0, 0] 5 [0, 0, 0, 0, 0, 1, 0, 0] [0.002, 0.039, 0.002, 0.017, 0.009, 0.907, 0.006, 0.018]
[1, 0, 0, 0, 0, 0, 0, 0] 6 [0, 0, 0, 0, 0, 0, 1, 0] [0.003, 0, 0.035, 0.012, 0.011, 0, 0.914, 0.025]
[1, 0, 0, 0, 0, 0, 0, 0] 7 [0, 0, 0, 0, 0, 0, 0, 1] [0.011, 0.009, 0.005, 0.029, 0.005, 0.009, 0.016, 0.916]
[0, 1, 0, 0, 0, 0, 0, 0] 0 [0, 1, 0, 0, 0, 0, 0, 0] [0.036, 0.907, 0.003, 0.015, 0.012, 0.022, 0.001, 0.004]
[0, 1, 0, 0, 0, 0, 0, 0] 1 [0, 0, 1, 0, 0, 0, 0, 0] [0.013, 0.032, 0.85, 0.01, 0.012, 0.008, 0.069, 0.006]
[0, 1, 0, 0, 0, 0, 0, 0] 2 [0, 0, 0, 1, 0, 0, 0, 0] [0.001, 0.026, 0.022, 0.884, 0.001, 0.028, 0.002, 0.036]
[0, 1, 0, 0, 0, 0, 0, 0] 3 [0, 0, 0, 0, 1, 0, 0, 0] [0.043, 0.007, 0.007, 0.028, 0.861, 0.031, 0.018, 0.005]
[0, 1, 0, 0, 0, 0, 0, 0] 4 [0, 0, 0, 0, 0, 1, 0, 0] [0.013, 0.043, 0.001, 0.007, 0.05, 0.868, 0.001, 0.017]
[0, 1, 0, 0, 0, 0, 0, 0] 5 [0, 0, 0, 0, 0, 0, 1, 0] [0.009, 0.006, 0.084, 0.005, 0.008, 0.024, 0.843, 0.021]
[0, 1, 0, 0, 0, 0, 0, 0] 6 [0, 0, 0, 0, 0, 0, 0, 1] [0.003, 0.011, 0.019, 0.026, 0, 0.009, 0.038, 0.894]
[0, 1, 0, 0, 0, 0, 0, 0] 7 [1, 0, 0, 0, 0, 0, 0, 0] [0.835, 0.022, 0.019, 0.008, 0.07, 0.004, 0.008, 0.034]
[0, 0, 1, 0, 0, 0, 0, 0] 0 [0, 0, 1, 0, 0, 0, 0, 0] [0.026, 0.003, 0.905, 0.016, 0.013, 0.006, 0.025, 0.006]
[0, 0, 1, 0, 0, 0, 0, 0] 1 [0, 0, 0, 1, 0, 0, 0, 0] [0.001, 0.016, 0.019, 0.891, 0.01, 0.008, 0.016, 0.039]
[0, 0, 1, 0, 0, 0, 0, 0] 2 [0, 0, 0, 0, 1, 0, 0, 0] [0.025, 0.004, 0.016, 0.001, 0.914, 0.016, 0.024, 0]
[0, 0, 1, 0, 0, 0, 0, 0] 3 [0, 0, 0, 0, 0, 1, 0, 0] [0, 0.035, 0.006, 0.016, 0.005, 0.91, 0.003, 0.025]
[0, 0, 1, 0, 0, 0, 0, 0] 4 [0, 0, 0, 0, 0, 0, 1, 0] [0.02, 0.002, 0.036, 0.004, 0.025, 0.001, 0.893, 0.019]
[0, 0, 1, 0, 0, 0, 0, 0] 5 [0, 0, 0, 0, 0, 0, 0, 1] [0.015, 0.013, 0.007, 0.016, 0.006, 0.02, 0.017, 0.906]
[0, 0, 1, 0, 0, 0, 0, 0] 6 [1, 0, 0, 0, 0, 0, 0, 0] [0.891, 0.016, 0.021, 0.004, 0.02, 0.012, 0.028, 0.008]
[0, 0, 1, 0, 0, 0, 0, 0] 7 [0, 1, 0, 0, 0, 0, 0, 0] [0.003, 0.918, 0.004, 0.021, 0.001, 0.033, 0.004, 0.016]
[0, 0, 0, 1, 0, 0, 0, 0] 0 [0, 0, 0, 1, 0, 0, 0, 0] [0.007, 0.035, 0.021, 0.861, 0.005, 0.017, 0.011, 0.043]
[0, 0, 0, 1, 0, 0, 0, 0] 1 [0, 0, 0, 0, 1, 0, 0, 0] [0.047, 0.013, 0.008, 0.023, 0.873, 0.014, 0.009, 0.013]
[0, 0, 0, 1, 0, 0, 0, 0] 2 [0, 0, 0, 0, 0, 1, 0, 0] [0.008, 0.037, 0.007, 0.022, 0.032, 0.876, 0.005, 0.013]
[0, 0, 0, 1, 0, 0, 0, 0] 3 [0, 0, 0, 0, 0, 0, 1, 0] [0.018, 0.017, 0.038, 0.009, 0.029, 0.022, 0.861, 0.006]
[0, 0, 0, 1, 0, 0, 0, 0] 4 [0, 0, 0, 0, 0, 0, 0, 1] [0.003, 0.006, 0.014, 0.03, 0.005, 0.033, 0.028, 0.881]
[0, 0, 0, 1, 0, 0, 0, 0] 5 [1, 0, 0, 0, 0, 0, 0, 0] [0.868, 0.004, 0.019, 0.016, 0.03, 0.008, 0.034, 0.021]
[0, 0, 0, 1, 0, 0, 0, 0] 6 [0, 1, 0, 0, 0, 0, 0, 0] [0.027, 0.859, 0, 0.023, 0.015, 0.049, 0.012, 0.015]
[0, 0, 0, 1, 0, 0, 0, 0] 7 [0, 0, 1, 0, 0, 0, 0, 0] [0.034, 0.019, 0.864, 0.01, 0.016, 0.012, 0.031, 0.014]
[0, 0, 0, 0, 1, 0, 0, 0] 0 [0, 0, 0, 0, 1, 0, 0, 0] [0.025, 0.014, 0.007, 0.001, 0.93, 0.009, 0.011, 0.003]
[0, 0, 0, 0, 1, 0, 0, 0] 1 [0, 0, 0, 0, 0, 1, 0, 0] [0.003, 0.028, 0.004, 0.012, 0.013, 0.907, 0.005, 0.028]
[0, 0, 0, 0, 1, 0, 0, 0] 2 [0, 0, 0, 0, 0, 0, 1, 0] [0.005, 0, 0.04, 0.013, 0.005, 0, 0.921, 0.016]
[0, 0, 0, 0, 1, 0, 0, 0] 3 [0, 0, 0, 0, 0, 0, 0, 1] [0.005, 0.01, 0.001, 0.035, 0.005, 0.036, 0.007, 0.901]
[0, 0, 0, 0, 1, 0, 0, 0] 4 [1, 0, 0, 0, 0, 0, 0, 0] [0.916, 0.024, 0.026, 0.002, 0.016, 0.001, 0.014, 0.001]
[0, 0, 0, 0, 1, 0, 0, 0] 5 [0, 1, 0, 0, 0, 0, 0, 0] [0.009, 0.916, 0.003, 0.026, 0.001, 0.03, 0.002, 0.013]
[0, 0, 0, 0, 1, 0, 0, 0] 6 [0, 0, 1, 0, 0, 0, 0, 0] [0.021, 0.001, 0.911, 0.028, 0.016, 0.001, 0.02, 0.002]
[0, 0, 0, 0, 1, 0, 0, 0] 7 [0, 0, 0, 1, 0, 0, 0, 0] [0.008, 0.019, 0.018, 0.914, 0.01, 0.007, 0.005, 0.019]
[0, 0, 0, 0, 0, 1, 0, 0] 0 [0, 0, 0, 0, 0, 1, 0, 0] [0.01, 0.04, 0, 0.018, 0.023, 0.886, 0, 0.023]
[0, 0, 0, 0, 0, 1, 0, 0] 1 [0, 0, 0, 0, 0, 0, 1, 0] [0.024, 0.008, 0.028, 0.005, 0.034, 0.014, 0.88, 0.007]
[0, 0, 0, 0, 0, 1, 0, 0] 2 [0, 0, 0, 0, 0, 0, 0, 1] [0.002, 0.011, 0.011, 0.035, 0, 0.019, 0.025, 0.897]
[0, 0, 0, 0, 0, 1, 0, 0] 3 [1, 0, 0, 0, 0, 0, 0, 0] [0.886, 0.016, 0.019, 0.008, 0.032, 0.002, 0.014, 0.023]
[0, 0, 0, 0, 0, 1, 0, 0] 4 [0, 1, 0, 0, 0, 0, 0, 0] [0.045, 0.884, 0.007, 0.019, 0.014, 0.023, 0.004, 0.004]
[0, 0, 0, 0, 0, 1, 0, 0] 5 [0, 0, 1, 0, 0, 0, 0, 0] [0.01, 0.022, 0.868, 0.032, 0.008, 0.003, 0.041, 0.016]
[0, 0, 0, 0, 0, 1, 0, 0] 6 [0, 0, 0, 1, 0, 0, 0, 0] [0.001, 0.013, 0.023, 0.912, 0.001, 0.007, 0.008, 0.035]
[0, 0, 0, 0, 0, 1, 0, 0] 7 [0, 0, 0, 0, 1, 0, 0, 0] [0.025, 0.001, 0.014, 0.019, 0.889, 0.015, 0.017, 0.02]
[0, 0, 0, 0, 0, 0, 1, 0] 0 [0, 0, 0, 0, 0, 0, 1, 0] [0.005, 0.001, 0.038, 0.006, 0.009, 0, 0.928, 0.013]
[0, 0, 0, 0, 0, 0, 1, 0] 1 [0, 0, 0, 0, 0, 0, 0, 1] [0.004, 0.012, 0.007, 0.024, 0.003, 0.019, 0.01, 0.921]
[0, 0, 0, 0, 0, 0, 1, 0] 2 [1, 0, 0, 0, 0, 0, 0, 0] [0.934, 0.015, 0.012, 0, 0.022, 0.01, 0.006, 0.001]
[0, 0, 0, 0, 0, 0, 1, 0] 3 [0, 1, 0, 0, 0, 0, 0, 0] [0.009, 0.907, 0.006, 0.028, 0.002, 0.032, 0.004, 0.012]
[0, 0, 0, 0, 0, 0, 1, 0] 4 [0, 0, 1, 0, 0, 0, 0, 0] [0.019, 0, 0.93, 0.017, 0.009, 0, 0.019, 0.006]
[0, 0, 0, 0, 0, 0, 1, 0] 5 [0, 0, 0, 1, 0, 0, 0, 0] [0.008, 0.029, 0.02, 0.889, 0.013, 0.014, 0.007, 0.02]
[0, 0, 0, 0, 0, 0, 1, 0] 6 [0, 0, 0, 0, 1, 0, 0, 0] [0.035, 0.001, 0.018, 0, 0.9, 0.013, 0.033, 0]
[0, 0, 0, 0, 0, 0, 1, 0] 7 [0, 0, 0, 0, 0, 1, 0, 0] [0.002, 0.035, 0.004, 0.015, 0.008, 0.917, 0.003, 0.016]
[0, 0, 0, 0, 0, 0, 0, 1] 0 [0, 0, 0, 0, 0, 0, 0, 1] [0.003, 0.012, 0.014, 0.033, 0.007, 0.019, 0.022, 0.89]
[0, 0, 0, 0, 0, 0, 0, 1] 1 [1, 0, 0, 0, 0, 0, 0, 0] [0.854, 0.008, 0.026, 0.021, 0.043, 0.008, 0.018, 0.022]
[0, 0, 0, 0, 0, 0, 0, 1] 2 [0, 1, 0, 0, 0, 0, 0, 0] [0.025, 0.868, 0.002, 0.024, 0.01, 0.048, 0.004, 0.019]
[0, 0, 0, 0, 0, 0, 0, 1] 3 [0, 0, 1, 0, 0, 0, 0, 0] [0.021, 0.023, 0.884, 0.014, 0.009, 0.016, 0.027, 0.006]
[0, 0, 0, 0, 0, 0, 0, 1] 4 [0, 0, 0, 1, 0, 0, 0, 0] [0.012, 0.031, 0.03, 0.857, 0.012, 0.014, 0.018, 0.026]
[0, 0, 0, 0, 0, 0, 0, 1] 5 [0, 0, 0, 0, 1, 0, 0, 0] [0.044, 0.022, 0.017, 0.016, 0.858, 0.018, 0.014, 0.011]
[0, 0, 0, 0, 0, 0, 0, 1] 6 [0, 0, 0, 0, 0, 1, 0, 0] [0.012, 0.038, 0.009, 0.012, 0.027, 0.886, 0.006, 0.01]
[0, 0, 0, 0, 0, 0, 0, 1] 7 [0, 0, 0, 0, 0, 0, 1, 0] [0.005, 0.012, 0.031, 0.012, 0.014, 0.021, 0.893, 0.012]
[0.70711, 0.70711, 0, 0, 0, 0, 0, 0] 0 [0.523, 0.477, 0, 0, 0, 0, 0, 0] [0.447, 0.471, 0.009, 0.013, 0.019, 0.027, 0.011, 0.003]
[0.70711, 0.70711, 0, 0, 0, 0, 0, 0] 1 [0, 0.484, 0.516, 0, 0, 0, 0, 0] [0.019, 0.46, 0.446, 0.013, 0.014, 0.015, 0.023, 0.01]
[0.70711, 0.70711, 0, 0, 0, 0, 0, 0] 2 [0, 0, 0.508, 0.492, 0, 0, 0, 0] [0.004, 0.009, 0.502, 0.433, 0.008, 0.006, 0.018, 0.02]
[0.70711, 0.70711, 0, 0, 0, 0, 0, 0] 3 [0, 0, 0, 0.509, 0.491, 0, 0, 0] [0.016, 0.011, 0.014, 0.424, 0.472, 0.027, 0.012, 0.024]
[0.70711, 0.70711, 0, 0, 0, 0, 0, 0] 4 [0, 0, 0, 0, 0.502, 0.498, 0, 0] [0.027, 0.02, 0.004, 0.009, 0.459, 0.452, 0.013, 0.016]
[0.70711, 0.70711, 0, 0, 0, 0, 0, 0] 5 [0, 0, 0, 0, 0, 0.49, 0.51, 0] [0.006, 0.028, 0.028, 0.007, 0.02, 0.437, 0.449, 0.025]
[0.70711, 0.70711, 0, 0, 0, 0, 0, 0] 6 [0, 0, 0, 0, 0, 0, 0.512, 0.488] [0.004, 0.008, 0.025, 0.02, 0.008, 0.01, 0.482, 0.443]
[0.70711, 0.70711, 0, 0, 0, 0, 0, 0] 7 [0.476, 0, 0, 0, 0, 0, 0, 0.524] [0.46, 0.014, 0.007, 0.032, 0.03, 0.005, 0.016, 0.436]
[0.70711, 0, 0.70711, 0, 0, 0, 0, 0] 0 [0.496, 0, 0.504, 0, 0, 0, 0, 0] [0.483, 0.004, 0.466, 0.006, 0.025, 0.004, 0.009, 0.003]
[0.70711, 0, 0.70711, 0, 0, 0, 0, 0] 1 [0, 0.497, 0, 0.503, 0, 0, 0, 0] [0.013, 0.492, 0.014, 0.43, 0.005, 0.015, 0.009, 0.022]
[0.70711, 0, 0.70711, 0, 0, 0, 0, 0] 2 [0, 0, 0.516, 0, 0.484, 0, 0, 0] [0.022, 0.001, 0.491, 0.008, 0.447, 0.01, 0.02, 0.001]
[0.70711, 0, 0.70711, 0, 0, 0, 0, 0] 3 [0, 0, 0, 0.477, 0, 0.523, 0, 0] [0.007, 0.021, 0.009, 0.458, 0.015, 0.452, 0.008, 0.03]
[0.70711, 0, 0.70711, 0, 0, 0, 0, 0] 4 [0, 0, 0, 0, 0.514, 0, 0.486, 0] [0.017, 0.003, 0.011, 0.006, 0.475, 0.013, 0.463, 0.012]
[0.70711, 0, 0.70711, 0, 0, 0, 0, 0] 5 [0, 0, 0, 0, 0, 0.496, 0, 0.504] [0.011, 0.022, 0.006, 0.024, 0.012, 0.474, 0.012, 0.439]
[0.70711, 0, 0.70711, 0, 0, 0, 0, 0] 6 [0.499, 0, 0, 0, 0, 0, 0.501, 0] [0.485, 0.009, 0.016, 0.004, 0.016, 0.005, 0.45, 0.015]
[0.70711, 0, 0.70711, 0, 0, 0, 0, 0] 7 [0, 0.506, 0, 0, 0, 0, 0, 0.494] [0.017, 0.442, 0.008, 0.02, 0.006, 0.026, 0.014, 0.467]
[0.70711, 0, 0, 0.70711, 0, 0, 0, 0] 0 [0.508, 0, 0, 0.492, 0, 0, 0, 0] [0.452, 0.022, 0.026, 0.437, 0.03, 0.01, 0.011, 0.012]
[0.70711, 0, 0, 0.70711, 0, 0, 0, 0] 1 [0, 0.492, 0, 0, 0.508, 0, 0, 0] [0.024, 0.453, 0.019, 0.021, 0.433, 0.024, 0.011, 0.015]
[0.70711, 0, 0, 0.70711, 0, 0, 0, 0] 2 [0, 0, 0.499, 0, 0, 0.501, 0, 0] [0.02, 0.026, 0.45, 0.022, 0.024, 0.413, 0.028, 0.017]
[0.70711, 0, 0, 0.70711, 0, 0, 0, 0] 3 [0, 0, 0, 0.516, 0, 0, 0.484, 0] [0.011, 0.018, 0.022, 0.436, 0.022, 0.016, 0.453, 0.022]
[0.70711, 0, 0, 0.70711, 0, 0, 0, 0] 4 [0, 0, 0, 0, 0.485, 0, 0, 0.515] [0.021, 0.014, 0.016, 0.027, 0.428, 0.027, 0.026, 0.441]
[0.70711, 0, 0, 0.70711, 0, 0, 0, 0] 5 [0.503, 0, 0, 0, 0, 0.497, 0, 0] [0.427, 0.034, 0.01, 0.017, 0.022, 0.444, 0.029, 0.017]
[0.70711, 0, 0, 0.70711, 0, 0, 0, 0] 6 [0, 0.506, 0, 0, 0, 0, 0.494, 0] [0.033, 0.437, 0.024, 0.023, 0.019, 0.019, 0.418, 0.027]
[0.70711, 0, 0, 0.70711, 0, 0, 0, 0] 7 [0, 0, 0.522, 0, 0, 0, 0, 0.478] [0.02, 0.013, 0.442, 0.023, 0.006, 0.025, 0.021, 0.45]
[0.70711, 0, 0, 0, 0.70711, 0, 0, 0] 0 [0.492, 0, 0, 0, 0.508, 0, 0, 0] [0.472, 0.014, 0.012, 0, 0.475, 0.01, 0.017, 0]
[0.70711, 0, 0, 0, 0.70711, 0, 0, 0] 1 [0, 0.481, 0, 0, 0, 0.519, 0, 0] [0.013, 0.449, 0.007, 0.012, 0.016, 0.471, 0.008, 0.024]
[0.70711, 0, 0, 0, 0.70711, 0, 0, 0] 2 [0, 0, 0.481, 0, 0, 0, 0.519, 0] [0.016, 0.006, 0.472, 0.011, 0.016, 0.002, 0.462, 0.015]
[0.70711, 0, 0, 0, 0.70711, 0, 0, 0] 3 [0, 0, 0, 0.496, 0, 0, 0, 0.504] [0.007, 0.022, 0.004, 0.486, 0.003, 0.023, 0.004, 0.451]
[0.70711, 0, 0, 0, 0.70711, 0, 0, 0] 4 [0.511, 0, 0, 0, 0.489, 0, 0, 0] [0.473, 0.009, 0.016, 0, 0.47, 0.009, 0.023, 0]
[0.70711, 0, 0, 0, 0.70711, 0, 0, 0] 5 [0, 0.495, 0, 0, 0, 0.505, 0, 0] [0.005, 0.492, 0.003, 0.02, 0.009, 0.452, 0.008, 0.011]
[0.70711, 0, 0, 0, 0.70711, 0, 0, 0] 6 [0, 0, 0.496, 0, 0, 0, 0.504, 0] [0.013, 0, 0.479, 0.007, 0.025, 0.001, 0.47, 0.005]
[0.70711, 0, 0, 0, 0.70711, 0, 0, 0] 7 [0, 0, 0, 0.509, 0, 0, 0, 0.491] [0.002, 0.023, 0.003, 0.495, 0.001, 0.024, 0.005, 0.447]
[0.70711, 0, 0, 0, 0, 0.70711, 0, 0] 0 [0.499, 0, 0, 0, 0, 0.501, 0, 0] [0.445, 0.028, 0.017, 0.013, 0.027, 0.451, 0.005, 0.014]
[0.70711, 0, 0, 0, 0, 0.70711, 0, 0] 1 [0, 0.522, 0, 0, 0, 0, 0.478, 0] [0.013, 0.405, 0.04, 0.016, 0.012, 0.032, 0.461, 0.021]
[0.70711, 0, 0, 0, 0, 0.70711, 0, 0] 2 [0, 0, 0.502, 0, 0, 0, 0, 0.498] [0.012, 0.007, 0.441, 0.04, 0.005, 0.01, 0.041, 0.444]
[0.70711, 0, 0, 0, 0, 0.70711, 0, 0] 3 [0.504, 0, 0, 0.496, 0, 0, 0, 0] [0.475, 0.019, 0.024, 0.414, 0.022, 0.012, 0.01, 0.024]
[0.70711, 0, 0, 0, 0, 0.70711, 0, 0] 4 [0, 0.502, 0, 0, 0.498, 0, 0, 0] [0.033, 0.456, 0.009, 0.016, 0.434, 0.024, 0.015, 0.013]
[0.70711, 0, 0, 0, 0, 0.70711, 0, 0] 5 [0, 0, 0.492, 0, 0, 0.508, 0, 0] [0.01, 0.025, 0.469, 0.008, 0.008, 0.458, 0.015, 0.007]
[0.70711, 0, 0, 0, 0, 0.70711, 0, 0] 6 [0, 0, 0, 0.495, 0, 0, 0.505, 0] [0.008, 0.009, 0.029, 0.45, 0.008, 0.006, 0.458, 0.032]
[0.70711, 0, 0, 0, 0, 0.70711, 0, 0] 7 [0, 0, 0, 0, 0.478, 0, 0, 0.522] [0.025, 0.01, 0.007, 0.029, 0.468, 0.019, 0.009, 0.433]
[0.70711, 0, 0, 0, 0, 0, 0.70711, 0] 0 [0.509, 0, 0, 0, 0, 0, 0.491, 0] [0.46, 0.01, 0.019, 0.002, 0.015, 0.002, 0.478, 0.014]
[0.70711, 0, 0, 0, 0, 0, 0.70711, 0] 1 [0, 0.495, 0, 0, 0, 0, 0, 0.505] [0.005, 0.469, 0.004, 0.025, 0.001, 0.033, 0.006, 0.457]
[0.70711, 0, 0, 0, 0, 0, 0.70711, 0] 2 [0.495, 0, 0.505, 0, 0, 0, 0, 0] [0.443, 0.016, 0.491, 0.009, 0.013, 0.01, 0.014, 0.004]
[0.70711, 0, 0, 0, 0, 0, 0.70711, 0] 3 [0, 0.49, 0, 0.51, 0, 0, 0, 0] [0.004, 0.457, 0.01, 0.46, 0.006, 0.03, 0.003, 0.03]
[0.70711, 0, 0, 0, 0, 0, 0.70711, 0] 4 [0, 0, 0.494, 0, 0.506, 0, 0, 0] [0.017, 0.005, 0.462, 0.012, 0.469, 0.018, 0.014, 0.003]
[0.70711, 0, 0, 0, 0, 0, 0.70711, 0] 5 [0, 0, 0, 0.505, 0, 0.495, 0, 0] [0.007, 0.027, 0.011, 0.458, 0.019, 0.451, 0.013, 0.014]
[0.70711, 0, 0, 0, 0, 0, 0.70711, 0] 6 [0, 0, 0, 0, 0.506, 0, 0.494, 0] [0.015, 0.002, 0.021, 0.002, 0.459, 0.009, 0.48, 0.012]
[0.70711, 0, 0, 0, 0, 0, 0.70711, 0] 7 [0, 0, 0, 0, 0, 0.515, 0, 0.485] [0.013, 0.019, 0.006, 0.017, 0.01, 0.44, 0.012, 0.483]
[0.70711, 0, 0, 0, 0, 0, 0, 0.70711] 0 [0.506, 0, 0, 0, 0, 0, 0, 0.494] [0.475, 0.017, 0.013, 0.017, 0.024, 0.02, 0.021, 0.413]
[0.70711, 0, 0, 0, 0, 0, 0, 0.70711] 1 [0.503, 0.497, 0, 0, 0, 0, 0, 0] [0.471, 0.435, 0.021, 0.014, 0.017, 0.017, 0.015, 0.01]
[0.70711, 0, 0, 0, 0, 0, 0, 0.70711] 2 [0, 0.475, 0.525, 0, 0, 0, 0, 0] [0.026, 0.441, 0.432, 0.024, 0.015, 0.027, 0.02, 0.015]
[0.70711, 0, 0, 0, 0, 0, 0, 0.70711] 3 [0, 0, 0.496, 0.504, 0, 0, 0, 0] [0.017, 0.016, 0.454, 0.429, 0.016, 0.014, 0.025, 0.029]
[0.70711, 0, 0, 0, 0, 0, 0, 0.70711] 4 [0, 0, 0, 0.518, 0.482, 0, 0, 0] [0.023, 0.023, 0.013, 0.458, 0.416, 0.022, 0.024, 0.021]
[0.70711, 0, 0, 0, 0, 0, 0, 0.70711] 5 [0, 0, 0, 0, 0.518, 0.482, 0, 0] [0.023, 0.03, 0.01, 0.015, 0.456, 0.431, 0.022, 0.013]
[0.70711, 0, 0, 0, 0, 0, 0, 0.70711] 6 [0, 0, 0, 0, 0, 0.477, 0.523, 0] [0.022, 0.021, 0.027, 0.017, 0.028, 0.437, 0.421, 0.027]
[0.70711, 0, 0, 0, 0, 0, 0, 0.70711] 7 [0, 0, 0, 0, 0, 0, 0.509, 0.491] [0.025, 0.011, 0.023, 0.027, 0.015, 0.028, 0.446, 0.425]
[0, 0.70711, 0.70711, 0, 0, 0, 0, 0] 0 [0, 0.489, 0.511, 0, 0, 0, 0, 0] [0.015, 0.442, 0.458, 0.023, 0.011, 0.015, 0.023, 0.013]
[0, 0.70711, 0.70711, 0, 0, 0, 0, 0] 1 [0, 0, 0.502, 0.498, 0, 0, 0, 0] [0.018, 0.029, 0.447, 0.44, 0.01, 0.019, 0.016, 0.021]
[0, 0.70711, 0.70711, 0, 0, 0, 0, 0] 2 [0, 0, 0, 0.49, 0.51, 0, 0, 0] [0.018, 0.022, 0.024, 0.434, 0.423, 0.029, 0.025, 0.025]
[0, 0.70711, 0.70711, 0, 0, 0, 0, 0] 3 [0, 0, 0, 0, 0.507, 0.493, 0, 0] [0.023, 0.031, 0.01, 0.018, 0.445, 0.445, 0.013, 0.015]
[0, 0.70711, 0.70711, 0, 0, 0, 0, 0] 4 [0, 0, 0, 0, 0, 0.504, 0.496, 0] [0.014, 0.025, 0.021, 0.021, 0.026, 0.426, 0.446, 0.021]
[0, 0.70711, 0.70711, 0, 0, 0, 0, 0] 5 [0, 0, 0, 0, 0, 0, 0.491, 0.509] [0.025, 0.016, 0.015, 0.024, 0.021, 0.022, 0.441, 0.436]
[0, 0.70711, 0.70711, 0, 0, 0, 0, 0] 6 [0.492, 0, 0, 0, 0, 0, 0, 0.508] [0.435, 0.014, 0.015, 0.017, 0.024, 0.01, 0.023, 0.462]
[0, 0.70711, 0.70711, 0, 0, 0, 0, 0] 7 [0.486, 0.514, 0, 0, 0, 0, 0, 0] [0.44, 0.439, 0.028, 0.017, 0.017, 0.024, 0.016, 0.019]
[0, 0.70711, 0, 0.70711, 0, 0, 0, 0] 0 [0, 0.492, 0, 0.508, 0, 0, 0, 0] [0.017, 0.448, 0.011, 0.467, 0.008, 0.02, 0.012, 0.017]
[0, 0.70711, 0, 0.70711, 0, 0, 0, 0] 1 [0, 0, 0.495, 0, 0.505, 0, 0, 0] [0.023, 0.006, 0.457, 0.006, 0.474, 0.012, 0.016, 0.006]
[0, 0.70711, 0, 0.70711, 0, 0, 0, 0] 2 [0, 0, 0, 0.489, 0, 0.511, 0, 0] [0.002, 0.019, 0.007, 0.468, 0.006, 0.472, 0.003, 0.023]
[0, 0.70711, 0, 0.70711, 0, 0, 0, 0] 3 [0, 0, 0, 0, 0.502, 0, 0.498, 0] [0.019, 0.01, 0.023, 0.008, 0.471, 0.012, 0.443, 0.014]
[0, 0.70711, 0, 0.70711, 0, 0, 0, 0] 4 [0, 0, 0, 0, 0, 0.491, 0, 0.509] [0.008, 0.023, 0.009, 0.017, 0.009, 0.48, 0.018, 0.436]
[0, 0.70711, 0, 0.70711, 0, 0, 0, 0] 5 [0.51, 0, 0, 0, 0, 0, 0.49, 0] [0.472, 0.009, 0.027, 0.007, 0.031, 0.001, 0.444, 0.009]
[0, 0.70711, 0, 0.70711, 0, 0, 0, 0] 6 [0, 0.511, 0, 0, 0, 0, 0, 0.489] [0.013, 0.468, 0.006, 0.019, 0.005, 0.017, 0.012, 0.46]
[0, 0.70711, 0, 0.70711, 0, 0, 0, 0] 7 [0.501, 0, 0.499, 0, 0, 0, 0, 0] [0.461, 0.009, 0.468, 0.021, 0.016, 0.003, 0.016, 0.006]
[0, 0.70711, 0, 0, 0.70711, 0, 0, 0] 0 [0, 0.484, 0, 0, 0.516, 0, 0, 0] [0.036, 0.448, 0.008, 0.012, 0.451, 0.03, 0.012, 0.003]
[0, 0.70711, 0, 0, 0.70711, 0, 0, 0] 1 [0, 0, 0.495, 0, 0, 0.505, 0, 0] [0.016, 0.035, 0.431, 0.024, 0.012, 0.449, 0.019, 0.014]
[0, 0.70711, 0, 0, 0.70711, 0, 0, 0] 2 [0, 0, 0, 0.496, 0, 0, 0.504, 0] [0.008, 0.013, 0.037, 0.431, 0.013, 0.006, 0.455, 0.037]
[0, 0.70711, 0, 0, 0.70711, 0, 0, 0] 3 [0, 0, 0, 0, 0.513, 0, 0, 0.487] [0.025, 0.008, 0.011, 0.03, 0.439, 0.021, 0.019, 0.447]
[0, 0.70711, 0, 0, 0.70711, 0, 0, 0] 4 [0.485, 0, 0, 0, 0, 0.515, 0, 0] [0.454, 0.04, 0.02, 0.01, 0.031, 0.426, 0.008, 0.011]
[0, 0.70711, 0, 0, 0.70711, 0, 0, 0] 5 [0, 0.49, 0, 0, 0, 0, 0.51, 0] [0.018, 0.437, 0.032, 0.017, 0.02, 0.025, 0.44, 0.011]
[0, 0.70711, 0, 0, 0.70711, 0, 0, 0] 6 [0, 0, 0.514, 0, 0, 0, 0, 0.486] [0.006, 0.004, 0.487, 0.042, 0.008, 0.005, 0.029, 0.419]
[0, 0.70711, 0, 0, 0.70711, 0, 0, 0] 7 [0.503, 0, 0, 0.497, 0, 0, 0, 0] [0.433, 0.022, 0.016, 0.445, 0.021, 0.017, 0.014, 0.032]
[0, 0.70711, 0, 0, 0, 0.70711, 0, 0] 0 [0, 0.498, 0, 0, 0, 0.502, 0, 0] [0.012, 0.466, 0.006, 0.015, 0.014, 0.467, 0.012, 0.008]
[0, 0.70711, 0, 0, 0, 0.70711, 0, 0] 1 [0, 0, 0.532, 0, 0, 0, 0.468, 0] [0.011, 0.005, 0.467, 0.015, 0.009, 0.003, 0.474, 0.016]
[0, 0.70711, 0, 0, 0, 0.70711, 0, 0] 2 [0, 0, 0, 0.531, 0, 0, 0, 0.469] [0.003, 0.009, 0.019, 0.488, 0.003, 0.009, 0.01, 0.459]
[0, 0.70711, 0, 0, 0, 0.70711, 0, 0] 3 [0.507, 0, 0, 0, 0.493, 0, 0, 0] [0.447, 0.015, 0.017, 0.008, 0.469, 0.014, 0.022, 0.008]
[0, 0.70711, 0, 0, 0, 0.70711, 0, 0] 4 [0, 0.494, 0, 0, 0, 0.506, 0, 0] [0.022, 0.467, 0.005, 0.014, 0.013, 0.461, 0.006, 0.012]
[0, 0.70711, 0, 0, 0, 0.70711, 0, 0] 5 [0, 0, 0.493, 0, 0, 0, 0.507, 0] [0.011, 0.007, 0.491, 0.014, 0.006, 0.008, 0.452, 0.011]
[0, 0.70711, 0, 0, 0, 0.70711, 0, 0] 6 [0, 0, 0, 0.503, 0, 0, 0, 0.497] [0.006, 0.012, 0.021, 0.476, 0.005, 0.019, 0.021, 0.44]
[0, 0.70711, 0, 0, 0, 0.70711, 0, 0] 7 [0.478, 0, 0, 0, 0.522, 0, 0, 0] [0.475, 0.006, 0.015, 0.011, 0.464, 0.007, 0.015, 0.007]
[0, 0.70711, 0, 0, 0, 0, 0.70711, 0] 0 [0, 0.498, 0, 0, 0, 0, 0.502, 0] [0.031, 0.435, 0.029, 0.019, 0.022, 0.024, 0.43, 0.01]
[0, 0.70711, 0, 0, 0, 0, 0.70711, 0] 1 [0, 0, 0.476, 0, 0, 0, 0, 0.524] [0.023, 0.017, 0.419, 0.03, 0.012, 0.023, 0.019, 0.457]
[0, 0.70711, 0, 0, 0, 0, 0.70711, 0] 2 [0.492, 0, 0, 0.508, 0, 0, 0, 0] [0.432, 0.021, 0.027, 0.447, 0.025, 0.014, 0.012, 0.022]
[0, 0.70711, 0, 0, 0, 0, 0.70711, 0] 3 [0, 0.493, 0, 0, 0.507, 0, 0, 0] [0.036, 0.424, 0.016, 0.016, 0.45, 0.022, 0.019, 0.017]
[0, 0.70711, 0, 0, 0, 0, 0.70711, 0] 4 [0, 0, 0.509, 0, 0, 0.491, 0, 0] [0.024, 0.018, 0.411, 0.015, 0.029, 0.454, 0.031, 0.018]
[0, 0.70711, 0, 0, 0, 0, 0.70711, 0] 5 [0, 0, 0, 0.503, 0, 0, 0.497, 0] [0.015, 0.031, 0.012, 0.44, 0.02, 0.015, 0.442, 0.025]
[0, 0.70711, 0, 0, 0, 0, 0.70711, 0] 6 [0, 0, 0, 0, 0.511, 0, 0, 0.489] [0.02, 0.019, 0.024, 0.024, 0.425, 0.02, 0.026, 0.442]
[0, 0.70711, 0, 0, 0, 0, 0.70711, 0] 7 [0.505, 0, 0, 0, 0, 0.495, 0, 0] [0.423, 0.036, 0.013, 0.029, 0.027, 0.433, 0.015, 0.024]
[0, 0.70711, 0, 0, 0, 0, 0, 0.70711] 0 [0, 0.486, 0, 0, 0, 0, 0, 0.514] [0.013, 0.445, 0.012, 0.037, 0.017, 0.036, 0.017, 0.423]
[0, 0.70711, 0, 0, 0, 0, 0, 0.70711] 1 [0.483, 0, 0.517, 0, 0, 0, 0, 0] [0.448, 0.014, 0.438, 0.012, 0.031, 0.009, 0.029, 0.019]
[0, 0.70711, 0, 0, 0, 0, 0, 0.70711] 2 [0, 0.47, 0, 0.53, 0, 0, 0, 0] [0.015, 0.451, 0.018, 0.441, 0.019, 0.018, 0.01, 0.028]
[0, 0.70711, 0, 0, 0, 0, 0, 0.70711] 3 [0, 0, 0.482, 0, 0.518, 0, 0, 0] [0.026, 0.011, 0.447, 0.016, 0.446, 0.015, 0.024, 0.015]
[0, 0.70711, 0, 0, 0, 0, 0, 0.70711] 4 [0, 0, 0, 0.497, 0, 0.503, 0, 0] [0.01, 0.034, 0.013, 0.46, 0.011, 0.438, 0.005, 0.029]
[0, 0.70711, 0, 0, 0, 0, 0, 0.70711] 5 [0, 0, 0, 0, 0.496, 0, 0.504, 0] [0.021, 0.015, 0.024, 0.013, 0.479, 0.019, 0.41, 0.019]
[0, 0.70711, 0, 0, 0, 0, 0, 0.70711] 6 [0, 0, 0, 0, 0, 0.489, 0, 0.511] [0.005, 0.032, 0.011, 0.023, 0.016, 0.49, 0.015, 0.408]
[0, 0.70711, 0, 0, 0, 0, 0, 0.70711] 7 [0.496, 0, 0, 0, 0, 0, 0.504, 0] [0.451, 0.017, 0.028, 0.02, 0.017, 0.013, 0.445, 0.009]
[0, 0, 0.70711, 0.70711, 0, 0, 0, 0] 0 [0, 0, 0.477, 0.523, 0, 0, 0, 0] [0.015, 0.006, 0.475, 0.441, 0.004, 0.006, 0.027, 0.026]
[0, 0, 0.70711, 0.70711, 0, 0, 0, 0] 1 [0, 0, 0, 0.473, 0.527, 0, 0, 0] [0.019, 0.026, 0.008, 0.46, 0.44, 0.017, 0.013, 0.017]
[0, 0, 0.70711, 0.70711, 0, 0, 0, 0] 2 [0, 0, 0, 0, 0.507, 0.493, 0, 0] [0.022, 0.02, 0.019, 0.008, 0.443, 0.464, 0.013, 0.011]
[0, 0, 0.70711, 0.70711, 0, 0, 0, 0] 3 [0, 0, 0, 0, 0, 0.466, 0.534, 0] [0.004, 0.028, 0.025, 0.009, 0.023, 0.424, 0.471, 0.016]
[0, 0, 0.70711, 0.70711, 0, 0, 0, 0] 4 [0, 0, 0, 0, 0, 0, 0.479, 0.521] [0.013, 0.009, 0.027, 0.025, 0.017, 0.012, 0.466, 0.431]
[0, 0, 0.70711, 0.70711, 0, 0, 0, 0] 5 [0.5, 0, 0, 0, 0, 0, 0, 0.5] [0.442, 0.012, 0.011, 0.03, 0.016, 0.033, 0.014, 0.442]
[0, 0, 0.70711, 0.70711, 0, 0, 0, 0] 6 [0.477, 0.523, 0, 0, 0, 0, 0, 0] [0.481, 0.418, 0.019, 0.014, 0.027, 0.017, 0.015, 0.009]
[0, 0, 0.70711, 0.70711, 0, 0, 0, 0] 7 [0, 0.502, 0.498, 0, 0, 0, 0, 0] [0.025, 0.432, 0.457, 0.018, 0.007, 0.018, 0.027, 0.016]
[0, 0, 0.70711, 0, 0.70711, 0, 0, 0] 0 [0, 0, 0.508, 0, 0.492, 0, 0, 0] [0.022, 0, 0.464, 0.005, 0.472, 0.011, 0.026, 0]
[0, 0, 0.70711, 0, 0.70711, 0, 0, 0] 1 [0, 0, 0, 0.528, 0, 0.472, 0, 0] [0.004, 0.026, 0.015, 0.462, 0.014, 0.434, 0.013, 0.032]
[0, 0, 0.70711, 0, 0.70711, 0, 0, 0] 2 [0, 0, 0, 0, 0.481, 0, 0.519, 0] [0.028, 0.002, 0.011, 0.005, 0.459, 0.011, 0.476, 0.008]
[0, 0, 0.70711, 0, 0.70711, 0, 0, 0] 3 [0, 0, 0, 0, 0, 0.525, 0, 0.475] [0.014, 0.018, 0.006, 0.022, 0.013, 0.457, 0.017, 0.453]
[0, 0, 0.70711, 0, 0.70711, 0, 0, 0] 4 [0.502, 0, 0, 0, 0, 0, 0.498, 0] [0.46, 0.014, 0.026, 0.002, 0.026, 0.002, 0.461, 0.009]
[0, 0, 0.70711, 0, 0.70711, 0, 0, 0] 5 [0, 0.516, 0, 0, 0, 0, 0, 0.484] [0.012, 0.429, 0.017, 0.025, 0.008, 0.024, 0.009, 0.476]
[0, 0, 0.70711, 0, 0.70711, 0, 0, 0] 6 [0.504, 0, 0.496, 0, 0, 0, 0, 0] [0.49, 0.01, 0.454, 0.008, 0.016, 0.002, 0.014, 0.006]
[0, 0, 0.70711, 0, 0.70711, 0, 0, 0] 7 [0, 0.479, 0, 0.521, 0, 0, 0, 0] [0.008, 0.466, 0.005, 0.466, 0.003, 0.031, 0.004, 0.017]
[0, 0, 0.70711, 0, 0, 0.70711, 0, 0] 0 [0, 0, 0.5, 0, 0, 0.5, 0, 0] [0.02, 0.02, 0.448, 0.026, 0.017, 0.423, 0.023, 0.023]
[0, 0, 0.70711, 0, 0, 0.70711, 0, 0] 1 [0, 0, 0, 0.479, 0, 0, 0.521, 0] [0.006, 0.012, 0.029, 0.443, 0.014, 0.013, 0.464, 0.019]
[0, 0, 0.70711, 0, 0, 0.70711, 0, 0] 2 [0, 0, 0, 0, 0.518, 0, 0, 0.482] [0.026, 0.015, 0.028, 0.021, 0.432, 0.027, 0.028, 0.423]
[0, 0, 0.70711, 0, 0, 0.70711, 0, 0] 3 [0.505, 0, 0, 0, 0, 0.495, 0, 0] [0.43, 0.047, 0.025, 0.017, 0.025, 0.412, 0.021, 0.023]
[0, 0, 0.70711, 0, 0, 0.70711, 0, 0] 4 [0, 0.514, 0, 0, 0, 0, 0.486, 0] [0.026, 0.434, 0.033, 0.014, 0.022, 0.024, 0.42, 0.027]
[0, 0, 0.70711, 0, 0, 0.70711, 0, 0] 5 [0, 0, 0.509, 0, 0, 0, 0, 0.491] [0.018, 0.023, 0.431, 0.035, 0.018, 0.021, 0.023, 0.431]
[0, 0, 0.70711, 0, 0, 0.70711, 0, 0] 6 [0.524, 0, 0, 0.476, 0, 0, 0, 0] [0.428, 0.026, 0.018, 0.462, 0.021, 0.015, 0.014, 0.016]
[0, 0, 0.70711, 0, 0, 0.70711, 0, 0] 7 [0, 0.527, 0, 0, 0.473, 0, 0, 0] [0.024, 0.423, 0.019, 0.021, 0.442, 0.022, 0.025, 0.024]
[0, 0, 0.70711, 0, 0, 0, 0.70711, 0] 0 [0, 0, 0.496, 0, 0, 0, 0.504, 0] [0.014, 0, 0.462, 0.012, 0.014, 0, 0.486, 0.012]
[0, 0, 0.70711, 0, 0, 0, 0.70711, 0] 1 [0, 0, 0, 0.506, 0, 0, 0, 0.494] [0.004, 0.017, 0.001, 0.446, 0.003, 0.019, 0.006, 0.504]
[0, 0, 0.70711, 0, 0, 0, 0.70711, 0] 2 [0.513, 0, 0, 0, 0.487, 0, 0, 0] [0.492, 0.012, 0.018, 0, 0.445, 0.011, 0.02, 0.002]
[0, 0, 0.70711, 0, 0, 0, 0.70711, 0] 3 [0, 0.475, 0, 0, 0, 0.525, 0, 0] [0.008, 0.456, 0.01, 0.005, 0.016, 0.489, 0.006, 0.01]
[0, 0, 0.70711, 0, 0, 0, 0.70711, 0] 4 [0, 0, 0.492, 0, 0, 0, 0.508, 0] [0.015, 0.005, 0.48, 0.009, 0.018, 0.002, 0.457, 0.014]
[0, 0, 0.70711, 0, 0, 0, 0.70711, 0] 5 [0, 0, 0, 0.498, 0, 0, 0, 0.502] [0.01, 0.023, 0.02, 0.464, 0.009, 0.011, 0.019, 0.444]
[0, 0, 0.70711, 0, 0, 0, 0.70711, 0] 6 [0.498, 0, 0, 0, 0.502, 0, 0, 0] [0.485, 0.012, 0.005, 0, 0.471, 0.018, 0.008, 0.001]
[0, 0, 0.70711, 0, 0, 0, 0.70711, 0] 7 [0, 0.469, 0, 0, 0, 0.531, 0, 0] [0.006, 0.468, 0.003, 0.017, 0.004, 0.475, 0.003, 0.024]
[0, 0, 0.70711, 0, 0, 0, 0, 0.70711] 0 [0, 0, 0.497, 0, 0, 0, 0, 0.503] [0.022, 0.013, 0.46, 0.027, 0.015, 0.016, 0.028, 0.419]
[0, 0, 0.70711, 0, 0, 0, 0, 0.70711] 1 [0.503, 0, 0, 0.497, 0, 0, 0, 0] [0.455, 0.016, 0.015, 0.464, 0.018, 0.007, 0.007, 0.018]
[0, 0, 0.70711, 0, 0, 0, 0, 0.70711] 2 [0, 0.515, 0, 0, 0.485, 0, 0, 0] [0.054, 0.435, 0.003, 0.009, 0.452, 0.036, 0.006, 0.005]
[0, 0, 0.70711, 0, 0, 0, 0, 0.70711] 3 [0, 0, 0.503, 0, 0, 0.497, 0, 0] [0.012, 0.038, 0.422, 0.016, 0.012, 0.463, 0.029, 0.008]
[0, 0, 0.70711, 0, 0, 0, 0, 0.70711] 4 [0, 0, 0, 0.507, 0, 0, 0.493, 0] [0.016, 0.015, 0.033, 0.412, 0.013, 0.006, 0.479, 0.026]
[0, 0, 0.70711, 0, 0, 0, 0, 0.70711] 5 [0, 0, 0, 0, 0.508, 0, 0, 0.492] [0.025, 0.014, 0.022, 0.03, 0.428, 0.021, 0.022, 0.438]
[0, 0, 0.70711, 0, 0, 0, 0, 0.70711] 6 [0.495, 0, 0, 0, 0, 0.505, 0, 0] [0.438, 0.042, 0.009, 0.008, 0.028, 0.462, 0.007, 0.006]
[0, 0, 0.70711, 0, 0, 0, 0, 0.70711] 7 [0, 0.526, 0, 0, 0, 0, 0.474, 0] [0.014, 0.436, 0.042, 0.014, 0.016, 0.042, 0.422, 0.014]
[0, 0, 0, 0.70711, 0.70711, 0, 0, 0] 0 [0, 0, 0, 0.49, 0.51, 0, 0, 0] [0.02, 0.011, 0.025, 0.453, 0.452, 0.009, 0.02, 0.01]
[0, 0, 0, 0.70711, 0.70711, 0, 0, 0] 1 [0, 0, 0, 0, 0.512, 0.488, 0, 0] [0.015, 0.016, 0.013, 0.016, 0.447, 0.464, 0.014, 0.015]
[0, 0, 0, 0.70711, 0.70711, 0, 0, 0] 2 [0, 0, 0, 0, 0, 0.485, 0.515, 0] [0.027, 0.02, 0.023, 0.013, 0.019, 0.46, 0.415, 0.023]
[0, 0, 0, 0.70711, 0.70711, 0, 0, 0] 3 [0, 0, 0, 0, 0, 0, 0.511, 0.489] [0.017, 0.019, 0.028, 0.022, 0.018, 0.02, 0.43, 0.446]
[0, 0, 0, 0.70711, 0.70711, 0, 0, 0] 4 [0.496, 0, 0, 0, 0, 0, 0, 0.504] [0.442, 0.021, 0.02, 0.026, 0.032, 0.016, 0.022, 0.421]
[0, 0, 0, 0.70711, 0.70711, 0, 0, 0] 5 [0.467, 0.533, 0, 0, 0, 0, 0, 0] [0.441, 0.444, 0.021, 0.02, 0.018, 0.026, 0.017, 0.013]
[0, 0, 0, 0.70711, 0.70711, 0, 0, 0] 6 [0, 0.531, 0.469, 0, 0, 0, 0, 0] [0.024, 0.423, 0.446, 0.02, 0.024, 0.022, 0.024, 0.017]
[0, 0, 0, 0.70711, 0.70711, 0, 0, 0] 7 [0, 0, 0.533, 0.467, 0, 0, 0, 0] [0.02, 0.017, 0.441, 0.439, 0.016, 0.026, 0.014, 0.027]
[0, 0, 0, 0.70711, 0, 0.70711, 0, 0] 0 [0, 0, 0, 0.491, 0, 0.509, 0, 0] [0.011, 0.038, 0.015, 0.457, 0.012, 0.428, 0.015, 0.024]
[0, 0, 0, 0.70711, 0, 0.70711, 0, 0] 1 [0, 0, 0, 0, 0.527, 0, 0.473, 0] [0.02, 0.014, 0.012, 0.015, 0.437, 0.021, 0.465, 0.016]
[0, 0, 0, 0.70711, 0, 0.70711, 0, 0] 2 [0, 0, 0, 0, 0, 0.538, 0, 0.462] [0.011, 0.03, 0.013, 0.026, 0.012, 0.477, 0.015, 0.416]
[0, 0, 0, 0.70711, 0, 0.70711, 0, 0] 3 [0.502, 0, 0, 0, 0, 0, 0.498, 0] [0.405, 0.02, 0.026, 0.012, 0.025, 0.016, 0.478, 0.018]
[0, 0, 0, 0.70711, 0, 0.70711, 0, 0] 4 [0, 0.486, 0, 0, 0, 0, 0, 0.514] [0.018, 0.424, 0.014, 0.025, 0.011, 0.026, 0.012, 0.47]
[0, 0, 0, 0.70711, 0, 0.70711, 0, 0] 5 [0.493, 0, 0.507, 0, 0, 0, 0, 0] [0.448, 0.014, 0.447, 0.016, 0.025, 0.008, 0.034, 0.008]
[0, 0, 0, 0.70711, 0, 0.70711, 0, 0] 6 [0, 0.524, 0, 0.476, 0, 0, 0, 0] [0.02, 0.429, 0.017, 0.463, 0.015, 0.026, 0.011, 0.019]
[0, 0, 0, 0.70711, 0, 0.70711, 0, 0] 7 [0, 0, 0.491, 0, 0.509, 0, 0, 0] [0.022, 0.014, 0.452, 0.011, 0.439, 0.015, 0.031, 0.016]
[0, 0, 0, 0.70711, 0, 0, 0.70711, 0] 0 [0, 0, 0, 0.509, 0, 0, 0.491, 0] [0.009, 0.009, 0.036, 0.449, 0.012, 0.001, 0.452, 0.032]
[0, 0, 0, 0.70711, 0, 0, 0.70711, 0] 1 [0, 0, 0, 0, 0.508, 0, 0, 0.492] [0.026, 0.011, 0.015, 0.025, 0.425, 0.021, 0.02, 0.457]
[0, 0, 0, 0.70711, 0, 0, 0.70711, 0] 2 [0.502, 0, 0, 0, 0, 0.498, 0, 0] [0.441, 0.037, 0.019, 0.008, 0.043, 0.433, 0.008, 0.011]
[0, 0, 0, 0.70711, 0, 0, 0.70711, 0] 3 [0, 0.495, 0, 0, 0, 0, 0.505, 0] [0.009, 0.442, 0.033, 0.013, 0.015, 0.029, 0.446, 0.013]
[0, 0, 0, 0.70711, 0, 0, 0.70711, 0] 4 [0, 0, 0.492, 0, 0, 0, 0, 0.508] [0.01, 0.009, 0.441, 0.029, 0.008, 0.013, 0.029, 0.461]
[0, 0, 0, 0.70711, 0, 0, 0.70711, 0] 5 [0.52, 0, 0, 0.48, 0, 0, 0, 0] [0.424, 0.016, 0.024, 0.482, 0.01, 0.011, 0.004, 0.029]
[0, 0, 0, 0.70711, 0, 0, 0.70711, 0] 6 [0, 0.496, 0, 0, 0.504, 0, 0, 0] [0.027, 0.445, 0.014, 0.012, 0.441, 0.034, 0.017, 0.01]
[0, 0, 0, 0.70711, 0, 0, 0.70711, 0] 7 [0, 0, 0.508, 0, 0, 0.492, 0, 0] [0.013, 0.03, 0.462, 0.016, 0.013, 0.428, 0.02, 0.018]
[0, 0, 0, 0.70711, 0, 0, 0, 0.70711] 0 [0, 0, 0, 0.484, 0, 0, 0, 0.516] [0.004, 0.015, 0.017, 0.486, 0.004, 0.019, 0.018, 0.437]
[0, 0, 0, 0.70711, 0, 0, 0, 0.70711] 1 [0.531, 0, 0, 0, 0.469, 0, 0, 0] [0.461, 0.007, 0.008, 0.008, 0.492, 0.009, 0.009, 0.006]
[0, 0, 0, 0.70711, 0, 0, 0, 0.70711] 2 [0, 0.497, 0, 0, 0, 0.503, 0, 0] [0.014, 0.451, 0.006, 0.011, 0.012, 0.493, 0.001, 0.012]
[0, 0, 0, 0.70711, 0, 0, 0, 0.70711] 3 [0, 0, 0.496, 0, 0, 0, 0.504, 0] [0.018, 0.01, 0.452, 0.006, 0.013, 0.008, 0.484, 0.009]
[0, 0, 0, 0.70711, 0, 0, 0, 0.70711] 4 [0, 0, 0, 0.476, 0, 0, 0, 0.524] [0.006, 0.016, 0.012, 0.477, 0.003, 0.016, 0.014, 0.456]
[0, 0, 0, 0.70711, 0, 0, 0, 0.70711] 5 [0.506, 0, 0, 0, 0.494, 0, 0, 0] [0.483, 0.011, 0.016, 0.007, 0.439, 0.015, 0.015, 0.014]
[0, 0, 0, 0.70711, 0, 0, 0, 0.70711] 6 [0, 0.49, 0, 0, 0, 0.51, 0, 0] [0.014, 0.462, 0.008, 0.011, 0.015, 0.473, 0.007, 0.01]
[0, 0, 0, 0.70711, 0, 0, 0, 0.70711] 7 [0, 0, 0.5, 0, 0, 0, 0.5, 0] [0.022, 0.006, 0.446, 0.019, 0.012, 0.006, 0.477, 0.012]
[0, 0, 0, 0, 0.70711, 0.70711, 0, 0] 0 [0, 0, 0, 0, 0.508, 0.492, 0, 0] [0.017, 0.024, 0.005, 0.003, 0.468, 0.464, 0.013, 0.006]
[0, 0, 0, 0, 0.70711, 0.70711, 0, 0] 1 [0, 0, 0, 0, 0, 0.515, 0.485, 0] [0.009, 0.026, 0.023, 0.007, 0.018, 0.436, 0.458, 0.023]
[0, 0, 0, 0, 0.70711, 0.70711, 0, 0] 2 [0, 0, 0, 0, 0, 0, 0.516, 0.484] [0.009, 0.004, 0.021, 0.03, 0.005, 0.005, 0.473, 0.453]
[0, 0, 0, 0, 0.70711, 0.70711, 0, 0] 3 [0.495, 0, 0, 0, 0, 0, 0, 0.505] [0.468, 0.017, 0.015, 0.016, 0.021, 0.011, 0.011, 0.441]
[0, 0, 0, 0, 0.70711, 0.70711, 0, 0] 4 [0.494, 0.506, 0, 0, 0, 0, 0, 0] [0.479, 0.453, 0.019, 0.007, 0.016, 0.015, 0.007, 0.004]
[0, 0, 0, 0, 0.70711, 0.70711, 0, 0] 5 [0, 0.468, 0.532, 0, 0, 0, 0, 0] [0.015, 0.447, 0.449, 0.018, 0.014, 0.021, 0.025, 0.011]
[0, 0, 0, 0, 0.70711, 0.70711, 0, 0] 6 [0, 0, 0.485, 0.515, 0, 0, 0, 0] [0.01, 0.003, 0.466, 0.455, 0.007, 0.006, 0.028, 0.025]
[0, 0, 0, 0, 0.70711, 0.70711, 0, 0] 7 [0, 0, 0, 0.499, 0.501, 0, 0, 0] [0.017, 0.011, 0.009, 0.45, 0.455, 0.016, 0.025, 0.017]
[0, 0, 0, 0, 0.70711, 0, 0.70711, 0] 0 [0, 0, 0, 0, 0.508, 0, 0.492, 0] [0.019, 0.004, 0.016, 0.003, 0.506, 0.008, 0.441, 0.003]
[0, 0, 0, 0, 0.70711, 0, 0.70711, 0] 1 [0, 0, 0, 0, 0, 0.477, 0, 0.523] [0.006, 0.024, 0.003, 0.038, 0.005, 0.444, 0.001, 0.479]
[0, 0, 0, 0, 0.70711, 0, 0.70711, 0] 2 [0.51, 0, 0, 0, 0, 0, 0.49, 0] [0.45, 0.009, 0.02, 0, 0.021, 0, 0.493, 0.007]
[0, 0, 0, 0, 0.70711, 0, 0.70711, 0] 3 [0, 0.502, 0, 0, 0, 0, 0, 0.498] [0.011, 0.467, 0.001, 0.017, 0.002, 0.036, 0.005, 0.461]
[0, 0, 0, 0, 0.70711, 0, 0.70711, 0] 4 [0.507, 0, 0.493, 0, 0, 0, 0, 0] [0.484, 0.014, 0.448, 0.011, 0.019, 0.007, 0.015, 0.002]
[0, 0, 0, 0, 0.70711, 0, 0.70711, 0] 5 [0, 0.512, 0, 0.488, 0, 0, 0, 0] [0.003, 0.452, 0.001, 0.5, 0.005, 0.019, 0.004, 0.016]
[0, 0, 0, 0, 0.70711, 0, 0.70711, 0] 6 [0, 0, 0.526, 0, 0.474, 0, 0, 0] [0.023, 0, 0.47, 0.015, 0.454, 0.01, 0.027, 0.001]
[0, 0, 0, 0, 0.70711, 0, 0.70711, 0] 7 [0, 0, 0, 0.491, 0, 0.509, 0, 0] [0.003, 0.035, 0.01, 0.449, 0.006, 0.474, 0.001, 0.022]
[0, 0, 0, 0, 0.70711, 0, 0, 0.70711] 0 [0, 0, 0, 0, 0.494, 0, 0, 0.506] [0.027, 0.006, 0.019, 0.021, 0.443, 0.028, 0.028, 0.428]
[0, 0, 0, 0, 0.70711, 0, 0, 0.70711] 1 [0.51, 0, 0, 0, 0, 0.49, 0, 0] [0.428, 0.03, 0.023, 0.016, 0.03, 0.427, 0.022, 0.024]
[0, 0, 0, 0, 0.70711, 0, 0, 0.70711] 2 [0, 0.498, 0, 0, 0, 0, 0.502, 0] [0.027, 0.439, 0.02, 0.016, 0.019, 0.012, 0.454, 0.013]
[0, 0, 0, 0, 0.70711, 0, 0, 0.70711] 3 [0, 0, 0.473, 0, 0, 0, 0, 0.527] [0.024, 0.019, 0.431, 0.031, 0.013, 0.018, 0.031, 0.433]
[0, 0, 0, 0, 0.70711, 0, 0, 0.70711] 4 [0.492, 0, 0, 0.508, 0, 0, 0, 0] [0.441, 0.031, 0.027, 0.44, 0.02, 0.009, 0.01, 0.022]
[0, 0, 0, 0, 0.70711, 0, 0, 0.70711] 5 [0, 0.468, 0, 0, 0.532, 0, 0, 0] [0.024, 0.466, 0.014, 0.019, 0.43, 0.019, 0.013, 0.015]
[0, 0, 0, 0, 0.70711, 0, 0, 0.70711] 6 [0, 0, 0.49, 0, 0, 0.51, 0, 0] [0.013, 0.024, 0.45, 0.02, 0.023, 0.441, 0.019, 0.01]
[0, 0, 0, 0, 0.70711, 0, 0, 0.70711] 7 [0, 0, 0, 0.484, 0, 0, 0.516, 0] [0.012, 0.021, 0.023, 0.429, 0.02, 0.023, 0.447, 0.025]
[0, 0, 0, 0, 0, 0.70711, 0.70711, 0] 0 [0, 0, 0, 0, 0, 0.503, 0.497, 0] [0.013, 0.014, 0.014, 0.024, 0.022, 0.414, 0.474, 0.025]
[0, 0, 0, 0, 0, 0.70711, 0.70711, 0] 1 [0, 0, 0, 0, 0, 0, 0.497, 0.503] [0.019, 0.021, 0.02, 0.023, 0.021, 0.032, 0.46, 0.404]
[0, 0, 0, 0, 0, 0.70711, 0.70711, 0] 2 [0.506, 0, 0, 0, 0, 0, 0, 0.494] [0.443, 0.02, 0.019, 0.015, 0.021, 0.019, 0.028, 0.435]
[0, 0, 0, 0, 0, 0.70711, 0.70711, 0] 3 [0.499, 0.501, 0, 0, 0, 0, 0, 0] [0.431, 0.432, 0.031, 0.014, 0.031, 0.039, 0.004, 0.018]
[0, 0, 0, 0, 0, 0.70711, 0.70711, 0] 4 [0, 0.488, 0.512, 0, 0, 0, 0, 0] [0.027, 0.426, 0.454, 0.021, 0.013, 0.028, 0.01, 0.021]
[0, 0, 0, 0, 0, 0.70711, 0.70711, 0] 5 [0, 0, 0.482, 0.518, 0, 0, 0, 0] [0.021, 0.022, 0.429, 0.444, 0.024, 0.018, 0.016, 0.026]
[0, 0, 0, 0, 0, 0.70711, 0.70711, 0] 6 [0, 0, 0, 0.496, 0.504, 0, 0, 0] [0.017, 0.015, 0.015, 0.457, 0.448, 0.024, 0.015, 0.009]
[0, 0, 0, 0, 0, 0.70711, 0.70711, 0] 7 [0, 0, 0, 0, 0.495, 0.505, 0, 0] [0.03, 0.027, 0.009, 0.02, 0.447, 0.434, 0.017, 0.016]
[0, 0, 0, 0, 0, 0.70711, 0, 0.70711] 0 [0, 0, 0, 0, 0, 0.481, 0, 0.519] [0.008, 0.019, 0.006, 0.018, 0.003, 0.454, 0.01, 0.482]
[0, 0, 0, 0, 0, 0.70711, 0, 0.70711] 1 [0.493, 0, 0, 0, 0, 0, 0.507, 0] [0.47, 0.013, 0.018, 0.009, 0.022, 0.006, 0.457, 0.005]
[0, 0, 0, 0, 0, 0.70711, 0, 0.70711] 2 [0, 0.51, 0, 0, 0, 0, 0, 0.49] [0.012, 0.454, 0.005, 0.011, 0.009, 0.019, 0.01, 0.48]
[0, 0, 0, 0, 0, 0.70711, 0, 0.70711] 3 [0.503, 0, 0.497, 0, 0, 0, 0, 0] [0.464, 0.009, 0.46, 0.012, 0.015, 0.006, 0.026, 0.008]
[0, 0, 0, 0, 0, 0.70711, 0, 0.70711] 4 [0, 0.506, 0, 0.494, 0, 0, 0, 0] [0.008, 0.467, 0.003, 0.468, 0.008, 0.021, 0.006, 0.019]
[0, 0, 0, 0, 0, 0.70711, 0, 0.70711] 5 [0, 0, 0.526, 0, 0.474, 0, 0, 0] [0.021, 0.008, 0.449, 0.014, 0.478, 0.008, 0.017, 0.005]
[0, 0, 0, 0, 0, 0.70711, 0, 0.70711] 6 [0, 0, 0, 0.513, 0, 0.487, 0, 0] [0.008, 0.022, 0.013, 0.456, 0.011, 0.468, 0.007, 0.015]
[0, 0, 0, 0, 0, 0.70711, 0, 0.70711] 7 [0, 0, 0, 0, 0.478, 0, 0.522, 0] [0.024, 0.002, 0.031, 0.006, 0.456, 0.001, 0.471, 0.009]
[0, 0, 0, 0, 0, 0, 0.70711, 0.70711] 0 [0, 0, 0, 0, 0, 0, 0.5, 0.5] [0.013, 0.004, 0.033, 0.018, 0.013, 0.014, 0.477, 0.428]
[0, 0, 0, 0, 0, 0, 0.70711, 0.70711] 1 [0.515, 0, 0, 0, 0, 0, 0, 0.485] [0.451, 0.017, 0.006, 0.028, 0.016, 0.019, 0.021, 0.442]
[0, 0, 0, 0, 0, 0, 0.70711, 0.70711] 2 [0.497, 0.503, 0, 0, 0, 0, 0, 0] [0.436, 0.44, 0.016, 0.011, 0.027, 0.034, 0.023, 0.013]
[0, 0, 0, 0, 0, 0, 0.70711, 0.70711] 3 [0, 0.517, 0.483, 0, 0, 0, 0, 0] [0.024, 0.448, 0.425, 0.027, 0.008, 0.032, 0.019, 0.017]
[0, 0, 0, 0, 0, 0, 0.70711, 0.70711] 4 [0, 0, 0.509, 0.491, 0, 0, 0, 0] [0.024, 0.006, 0.424, 0.46, 0.005, 0.008, 0.041, 0.032]
[0, 0, 0, 0, 0, 0, 0.70711, 0.70711] 5 [0, 0, 0, 0.494, 0.506, 0, 0, 0] [0.022, 0.021, 0.014, 0.441, 0.447, 0.019, 0.011, 0.025]
[0, 0, 0, 0, 0, 0, 0.70711, 0.70711] 6 [0, 0, 0, 0, 0.475, 0.525, 0, 0] [0.026, 0.025, 0.023, 0.009, 0.469, 0.422, 0.011, 0.015]
[0, 0, 0, 0, 0, 0, 0.70711, 0.70711] 7 [0, 0, 0, 0, 0, 0.523, 0.477, 0] [0.007, 0.025, 0.023, 0.016, 0.017, 0.464, 0.435, 0.013]
[0.33158, -0.30444, -0.0381, -0.42792, 0.086, -0.76831, -0.10126, 0.06964] 0 [0.116, 0.094, 0.003, 0.196, 0.004, 0.578, 0.006, 0.003] [0.119, 0.12, 0.012, 0.17, 0.033, 0.508, 0.011, 0.027]
[0.33158, -0.30444, -0.0381, -0.42792, 0.086, -0.76831, -0.10126, 0.06964] 1 [0.003, 0.102, 0.111, 0.001, 0.183, 0.006, 0.586, 0.008] [0.027, 0.12, 0.098, 0.013, 0.192, 0.027, 0.497, 0.026]
[0.33158, -0.30444, -0.0381, -0.42792, 0.086, -0.76831, -0.10126, 0.06964] 2 [0.013, 0.003, 0.117, 0.089, 0.002, 0.181, 0.011, 0.584] [0.017, 0.028, 0.096, 0.116, 0.018, 0.172, 0.023, 0.53]
[0.33158, -0.30444, -0.0381, -0.42792, 0.086, -0.76831, -0.10126, 0.06964] 3 [0.607, 0.009, 0.004, 0.096, 0.088, 0.004, 0.178, 0.014] [0.541, 0.033, 0.026, 0.104, 0.096, 0.012, 0.161, 0.027]
[0.33158, -0.30444, -0.0381, -0.42792, 0.086, -0.76831, -0.10126, 0.06964] 4 [0.011, 0.57, 0.008, 0.005, 0.114, 0.08, 0.002, 0.21] [0.028, 0.541, 0.022, 0.03, 0.101, 0.107, 0.017, 0.154]
[0.33158, -0.30444, -0.0381, -0.42792, 0.086, -0.76831, -0.10126, 0.06964] 5 [0.205, 0.011, 0.567, 0.011, 0.005, 0.112, 0.087, 0.002] [0.189, 0.021, 0.542, 0.043, 0.021, 0.085, 0.091, 0.008]
[0.33158, -0.30444, -0.0381, -0.42792, 0.086, -0.76831, -0.10126, 0.06964] 6 [0, 0.171, 0.003, 0.584, 0.01, 0.004, 0.124, 0.104] [0.011, 0.182, 0.025, 0.513, 0.03, 0.025, 0.116, 0.098]
[0.33158, -0.30444, -0.0381, -0.42792, 0.086, -0.76831, -0.10126, 0.06964] 7 [0.091, 0.002, 0.176, 0.009, 0.618, 0.009, 0.004, 0.091] [0.098, 0.018, 0.179, 0.052, 0.493, 0.03, 0.019, 0.111]
[0.10005, -0.20563, -0.0547, -0.70507, 0.05072, 0.4927, -0.44824, 0.03672] 0 [0.008, 0.044, 0.005, 0.487, 0.003, 0.246, 0.205, 0.002] [0.022, 0.061, 0.024, 0.464, 0.015, 0.19, 0.197, 0.027]
[0.10005, -0.20563, -0.0547, -0.70507, 0.05072, 0.4927, -0.44824, 0.03672] 1 [0, 0.012, 0.051, 0.004, 0.505, 0.001, 0.231, 0.196] [0.036, 0.02, 0.061, 0.018, 0.432, 0.019, 0.216, 0.198]
[0.10005, -0.20563, -0.0547, -0.70507, 0.05072, 0.4927, -0.44824, 0.03672] 2 [0.221, 0, 0.008, 0.045, 0.005, 0.489, 0.002, 0.23] [0.183, 0.026, 0.019, 0.055, 0.032, 0.434, 0.016, 0.235]
[0.10005, -0.20563, -0.0547, -0.70507, 0.05072, 0.4927, -0.44824, 0.03672] 3 [0.234, 0.201, 0.001, 0.012, 0.045, 0.001, 0.502, 0.004] [0.24, 0.182, 0.022, 0.019, 0.063, 0.027, 0.424, 0.023]
[0.10005, -0.20563, -0.0547, -0.70507, 0.05072, 0.4927, -0.44824, 0.03672] 4 [0.001, 0.241, 0.206, 0.001, 0.01, 0.047, 0.001, 0.493] [0.011, 0.231, 0.173, 0.034, 0.018, 0.054, 0.024, 0.455]
[0.10005, -0.20563, -0.0547, -0.70507, 0.05072, 0.4927, -0.44824, 0.03672] 5 [0.495, 0.001, 0.269, 0.189, 0.002, 0.008, 0.035, 0.001] [0.453, 0.017, 0.195, 0.192, 0.036, 0.016, 0.067, 0.024]
[0.10005, -0.20563, -0.0547, -0.70507, 0.05072, 0.4927, -0.44824, 0.03672] 6 [0.002, 0.484, 0, 0.255, 0.197, 0.001, 0.012, 0.049] [0.025, 0.461, 0.015, 0.214, 0.183, 0.03, 0.022, 0.05]
[0.10005, -0.20563, -0.0547, -0.70507, 0.05072, 0.4927, -0.44824, 0.03672] 7 [0.039, 0.005, 0.453, 0.002, 0.262, 0.223, 0.002, 0.014] [0.055, 0.016, 0.453, 0.02, 0.222, 0.181, 0.032, 0.021]
[-0.64125, -0.02135, -0.56996, 0.06265, 0.09333, -0.34421, -0.30476, 0.19873] 0 [0.381, 0, 0.35, 0.005, 0.013, 0.114, 0.1, 0.037] [0.363, 0.021, 0.315, 0.019, 0.027, 0.125, 0.093, 0.037]
[-0.64125, -0.02135, -0.56996, 0.06265, 0.09333, -0.34421, -0.30476, 0.19873] 1 [0.042, 0.401, 0.001, 0.349, 0.004, 0.01, 0.116, 0.077] [0.039, 0.362, 0.019, 0.291, 0.024, 0.035, 0.113, 0.117]
[-0.64125, -0.02135, -0.56996, 0.06265, 0.09333, -0.34421, -0.30476, 0.19873] 2 [0.08, 0.045, 0.427, 0, 0.303, 0.005, 0.01, 0.13] [0.109, 0.044, 0.35, 0.024, 0.306, 0.025, 0.03, 0.112]
[-0.64125, -0.02135, -0.56996, 0.06265, 0.09333, -0.34421, -0.30476, 0.19873] 3 [0.103, 0.09, 0.04, 0.437, 0.002, 0.314, 0.003, 0.011] [0.088, 0.101, 0.039, 0.387, 0.016, 0.315, 0.02, 0.034]
[-0.64125, -0.02135, -0.56996, 0.06265, 0.09333, -0.34421, -0.30476, 0.19873] 4 [0.011, 0.108, 0.092, 0.05, 0.405, 0, 0.332, 0.002] [0.031, 0.102, 0.09, 0.046, 0.389, 0.023, 0.302, 0.017]
[-0.64125, -0.02135, -0.56996, 0.06265, 0.09333, -0.34421, -0.30476, 0.19873] 5 [0.002, 0.004, 0.129, 0.107, 0.045, 0.404, 0, 0.309] [0.015, 0.046, 0.094, 0.099, 0.052, 0.398, 0.023, 0.273]
[-0.64125, -0.02135, -0.56996, 0.06265, 0.09333, -0.34421, -0.30476, 0.19873] 6 [0.297, 0.003, 0.005, 0.136, 0.084, 0.039, 0.435, 0.001] [0.281, 0.027, 0.037, 0.116, 0.09, 0.057, 0.373, 0.019]
[-0.64125, -0.02135, -0.56996, 0.06265, 0.09333, -0.34421, -0.30476, 0.19873] 7 [0, 0.32, 0.004, 0.006, 0.134, 0.109, 0.036, 0.391] [0.014, 0.314, 0.017, 0.035, 0.089, 0.106, 0.054, 0.371]
[0.30208, -0.29993, -0.21039, 0.40948, -0.26064, -0.24197, 0.62084, -0.30811] 0 [0.073, 0.081, 0.05, 0.153, 0.08, 0.065, 0.415, 0.083] [0.095, 0.082, 0.058, 0.17, 0.071, 0.064, 0.367, 0.093]
[0.30208, -0.29993, -0.21039, 0.40948, -0.26064, -0.24197, 0.62084, -0.30811] 1 [0.101, 0.095, 0.096, 0.029, 0.156, 0.066, 0.06, 0.397] [0.102, 0.094, 0.108, 0.054, 0.157, 0.075, 0.07, 0.34]
[0.30208, -0.29993, -0.21039, 0.40948, -0.26064, -0.24197, 0.62084, -0.30811] 2 [0.392, 0.085, 0.095, 0.101, 0.037, 0.17, 0.062, 0.058] [0.342, 0.123, 0.1, 0.105, 0.056, 0.152, 0.061, 0.061]
[0.30208, -0.29993, -0.21039, 0.40948, -0.26064, -0.24197, 0.62084, -0.30811] 3 [0.061, 0.365, 0.101, 0.103, 0.089, 0.048, 0.156, 0.077] [0.054, 0.33, 0.092, 0.093, 0.114, 0.076, 0.163, 0.078]
[0.30208, -0.29993, -0.21039, 0.40948, -0.26064, -0.24197, 0.62084, -0.30811] 4 [0.065, 0.058, 0.396, 0.084, 0.091, 0.082, 0.043, 0.181] [0.072, 0.072, 0.352, 0.112, 0.09, 0.084, 0.065, 0.153]
[0.30208, -0.29993, -0.21039, 0.40948, -0.26064, -0.24197, 0.62084, -0.30811] 5 [0.169, 0.062, 0.061, 0.391, 0.098, 0.08, 0.092, 0.047] [0.167, 0.084, 0.068, 0.328, 0.108, 0.081, 0.09, 0.074]
[0.30208, -0.29993, -0.21039, 0.40948, -0.26064, -0.24197, 0.62084, -0.30811] 6 [0.057, 0.176, 0.062, 0.063, 0.383, 0.079, 0.082, 0.098] [0.072, 0.148, 0.062, 0.066, 0.356, 0.123, 0.081, 0.092]
[0.30208, -0.29993, -0.21039, 0.40948, -0.26064, -0.24197, 0.62084, -0.30811] 7 [0.091, 0.044, 0.165, 0.075, 0.059, 0.376, 0.092, 0.098] [0.076, 0.061, 0.164, 0.085, 0.07, 0.339, 0.113, 0.092]
[0.39734, 0.71926, 0.07708, -0.3887, -0.03609, -0.11148, 0.08074, -0.38407] 0 [0.154, 0.552, 0.005, 0.133, 0.002, 0.011, 0.008, 0.135] [0.149, 0.468, 0.021, 0.153, 0.012, 0.043, 0.017, 0.137]
[0.39734, 0.71926, 0.07708, -0.3887, -0.03609, -0.11148, 0.08074, -0.38407] 1 [0.131, 0.161, 0.519, 0.005, 0.162, 0.001, 0.016, 0.005] [0.158, 0.134, 0.468, 0.022, 0.147, 0.019, 0.04, 0.012]
[0.39734, 0.71926, 0.07708, -0.3887, -0.03609, -0.11148, 0.08074, -0.38407] 2 [0.009, 0.145, 0.152, 0.522, 0.005, 0.15, 0.001, 0.016] [0.013, 0.135, 0.153, 0.491, 0.013, 0.142, 0.018, 0.035]
[0.39734, 0.71926, 0.07708, -0.3887, -0.03609, -0.11148, 0.08074, -0.38407] 3 [0.014, 0.006, 0.169, 0.163, 0.484, 0.008, 0.155, 0.001] [0.04, 0.014, 0.143, 0.161, 0.44, 0.022, 0.167, 0.013]
[0.39734, 0.71926, 0.07708, -0.3887, -0.03609, -0.11148, 0.08074, -0.38407] 4 [0.003, 0.011, 0.003, 0.155, 0.154, 0.536, 0.005, 0.133] [0.016, 0.043, 0.01, 0.144, 0.154, 0.482, 0.017, 0.134]
[0.39734, 0.71926, 0.07708, -0.3887, -0.03609, -0.11148, 0.08074, -0.38407] 5 [0.16, 0, 0.01, 0.005, 0.171, 0.163, 0.483, 0.008] [0.137, 0.018, 0.046, 0.019, 0.149, 0.158, 0.451, 0.022]
[0.39734, 0.71926, 0.07708, -0.3887, -0.03609, -0.11148, 0.08074, -0.38407] 6 [0.005, 0.149, 0.001, 0.007, 0.003, 0.144, 0.163, 0.528] [0.015, 0.177, 0.014, 0.036, 0.022, 0.137, 0.147, 0.452]
[0.39734, 0.71926, 0.07708, -0.3887, -0.03609, -0.11148, 0.08074, -0.38407] 7 [0.514, 0.005, 0.163, 0, 0.017, 0.005, 0.141, 0.155] [0.471, 0.021, 0.137, 0.014, 0.062, 0.016, 0.14, 0.139]
[-0.36083, 0.2536, 0.26451, -0.16775, -0.64028, 0.40803, 0.23535, 0.27486] 0 [0.114, 0.075, 0.074, 0.032, 0.386, 0.182, 0.055, 0.082] [0.133, 0.076, 0.068, 0.045, 0.351, 0.178, 0.064, 0.085]
[-0.36083, 0.2536, 0.26451, -0.16775, -0.64028, 0.40803, 0.23535, 0.27486] 1 [0.089, 0.143, 0.064, 0.066, 0.024, 0.417, 0.146, 0.051] [0.077, 0.135, 0.066, 0.069, 0.045, 0.386, 0.158, 0.064]
[-0.36083, 0.2536, 0.26451, -0.16775, -0.64028, 0.40803, 0.23535, 0.27486] 2 [0.063, 0.077, 0.111, 0.073, 0.064, 0.025, 0.426, 0.161] [0.049, 0.063, 0.142, 0.072, 0.069, 0.041, 0.377, 0.187]
[-0.36083, 0.2536, 0.26451, -0.16775, -0.64028, 0.40803, 0.23535, 0.27486] 3 [0.152, 0.055, 0.068, 0.16, 0.064, 0.056, 0.035, 0.41] [0.157, 0.073, 0.085, 0.139, 0.065, 0.086, 0.039, 0.356]
[-0.36083, 0.2536, 0.26451, -0.16775, -0.64028, 0.40803, 0.23535, 0.27486] 4 [0.415, 0.155, 0.056, 0.082, 0.131, 0.064, 0.065, 0.032] [0.395, 0.181, 0.084, 0.066, 0.131, 0.057, 0.058, 0.028]
[-0.36083, 0.2536, 0.26451, -0.16775, -0.64028, 0.40803, 0.23535, 0.27486] 5 [0.021, 0.441, 0.174, 0.053, 0.065, 0.125, 0.064, 0.057] [0.032, 0.382, 0.154, 0.055, 0.073, 0.145, 0.081, 0.078]
[-0.36083, 0.2536, 0.26451, -0.16775, -0.64028, 0.40803, 0.23535, 0.27486] 6 [0.058, 0.024, 0.417, 0.163, 0.042, 0.085, 0.134, 0.077] [0.09, 0.033, 0.342, 0.158, 0.061, 0.085, 0.144, 0.087]
[-0.36083, 0.2536, 0.26451, -0.16775, -0.64028, 0.40803, 0.23535, 0.27486] 7 [0.067, 0.072, 0.024, 0.42, 0.172, 0.045, 0.067, 0.133] [0.072, 0.086, 0.043, 0.348, 0.152, 0.074, 0.086, 0.139]
[0.16731, -0.78371, 0.06216, -0.08079, 0.12177, -0.57561, -0.03008, -0.01878] 0 [0.016, 0.623, 0.004, 0.007, 0.019, 0.33, 0.001, 0] [0.038, 0.552, 0.012, 0.024, 0.027, 0.325, 0.013, 0.009]
[0.16731, -0.78371, 0.06216, -0.08079, 0.12177, -0.57561, -0.03008, -0.01878] 1 [0, 0.025, 0.604, 0.002, 0.007, 0.016, 0.345, 0.001] [0.031, 0.042, 0.536, 0.025, 0.029, 0.028, 0.299, 0.01]
[0.16731, -0.78371, 0.06216, -0.08079, 0.12177, -0.57561, -0.03008, -0.01878] 2 [0, 0, 0.025, 0.618, 0.002, 0.006, 0.011, 0.338] [0.005, 0.016, 0.038, 0.585, 0.006, 0.016, 0.03, 0.304]
[0.16731, -0.78371, 0.06216, -0.08079, 0.12177, -0.57561, -0.03008, -0.01878] 3 [0.328, 0, 0.001, 0.028, 0.621, 0.003, 0.005, 0.014] [0.308, 0.01, 0.024, 0.039, 0.544, 0.012, 0.033, 0.03]
[0.16731, -0.78371, 0.06216, -0.08079, 0.12177, -0.57561, -0.03008, -0.01878] 4 [0.018, 0.331, 0, 0, 0.027, 0.614, 0.004, 0.006] [0.038, 0.314, 0.015, 0.012, 0.036, 0.534, 0.024, 0.027]
[0.16731, -0.78371, 0.06216, -0.08079, 0.12177, -0.57561, -0.03008, -0.01878] 5 [0.005, 0.021, 0.334, 0, 0, 0.027, 0.612, 0.001] [0.027, 0.017, 0.331, 0.008, 0.036, 0.04, 0.532, 0.009]
[0.16731, -0.78371, 0.06216, -0.08079, 0.12177, -0.57561, -0.03008, -0.01878] 6 [0.007, 0.01, 0.014, 0.322, 0, 0, 0.02, 0.627] [0.003, 0.03, 0.032, 0.305, 0.003, 0.02, 0.045, 0.562]
[0.16731, -0.78371, 0.06216, -0.08079, 0.12177, -0.57561, -0.03008, -0.01878] 7 [0.616, 0.004, 0.006, 0.01, 0.333, 0.001, 0, 0.03] [0.555, 0.019, 0.028, 0.021, 0.309, 0.008, 0.018, 0.042]
[-0.37287, 0.45995, -0.21998, -0.0993, -0.38454, -0.01004, -0.39056, 0.53911] 0 [0.157, 0.216, 0.051, 0.015, 0.14, 0, 0.157, 0.264] [0.138, 0.181, 0.061, 0.031, 0.12, 0.027, 0.154, 0.288]
[-0.37287, 0.45995, -0.21998, -0.0993, -0.38454, -0.01004, -0.39056, 0.53911] 1 [0.289, 0.127, 0.211, 0.052, 0.009, 0.173, 0, 0.139] [0.247, 0.137, 0.196, 0.057, 0.03, 0.174, 0.017, 0.142]
[-0.37287, 0.45995, -0.21998, -0.0993, -0.38454, -0.01004, -0.39056, 0.53911] 2 [0.136, 0.301, 0.15, 0.231, 0.044, 0.014, 0.124, 0] [0.143, 0.284, 0.141, 0.224, 0.045, 0.027, 0.123, 0.013]
[-0.37287, 0.45995, -0.21998, -0.0993, -0.38454, -0.01004, -0.39056, 0.53911] 3 [0, 0.157, 0.299, 0.15, 0.182, 0.048, 0.007, 0.157] [0.024, 0.148, 0.265, 0.141, 0.183, 0.064, 0.028, 0.147]
[-0.37287, 0.45995, -0.21998, -0.0993, -0.38454, -0.01004, -0.39056, 0.53911] 4 [0.138, 0, 0.169, 0.303, 0.133, 0.195, 0.055, 0.007] [0.137, 0.02, 0.147, 0.275, 0.127, 0.193, 0.052, 0.049]
[-0.37287, 0.45995, -0.21998, -0.0993, -0.38454, -0.01004, -0.39056, 0.53911] 5 [0.007, 0.159, 0, 0.147, 0.289, 0.145, 0.206, 0.047] [0.022, 0.151, 0.022, 0.148, 0.252, 0.138, 0.189, 0.078]
[-0.37287, 0.45995, -0.21998, -0.0993, -0.38454, -0.01004, -0.39056, 0.53911] 6 [0.043, 0.011, 0.142, 0, 0.164, 0.29, 0.129, 0.221] [0.056, 0.019, 0.149, 0.019, 0.147, 0.284, 0.13, 0.196]
[-0.37287, 0.45995, -0.21998, -0.0993, -0.38454, -0.01004, -0.39056, 0.53911] 7 [0.196, 0.052, 0.014, 0.156, 0, 0.15, 0.296, 0.136] [0.19, 0.055, 0.032, 0.164, 0.024, 0.139, 0.261, 0.135]
[-0.01128, 0.4179, 0.57595, -0.3824, 0.32765, -0.04778, 0.37048, -0.31684] 0 [0, 0.163, 0.323, 0.144, 0.116, 0.002, 0.139, 0.113] [0.014, 0.152, 0.284, 0.157, 0.105, 0.023, 0.15, 0.115]
[-0.01128, 0.4179, 0.57595, -0.3824, 0.32765, -0.04778, 0.37048, -0.31684] 1 [0.092, 0, 0.179, 0.327, 0.139, 0.115, 0.005, 0.143] [0.099, 0.023, 0.161, 0.321, 0.145, 0.089, 0.026, 0.136]
[-0.01128, 0.4179, 0.57595, -0.3824, 0.32765, -0.04778, 0.37048, -0.31684] 2 [0.121, 0.1, 0, 0.172, 0.344, 0.161, 0.099, 0.003] [0.162, 0.092, 0.014, 0.164, 0.295, 0.137, 0.122, 0.014]
[-0.01128, 0.4179, 0.57595, -0.3824, 0.32765, -0.04778, 0.37048, -0.31684] 3 [0.003, 0.131, 0.101, 0.001, 0.172, 0.335, 0.154, 0.103] [0.02, 0.133, 0.085, 0.02, 0.173, 0.319, 0.14, 0.11]
[-0.01128, 0.4179, 0.57595, -0.3824, 0.32765, -0.04778, 0.37048, -0.31684] 4 [0.112, 0.002, 0.124, 0.104, 0, 0.188, 0.348, 0.122] [0.113, 0.015, 0.162, 0.103, 0.024, 0.155, 0.277, 0.151]
[-0.01128, 0.4179, 0.57595, -0.3824, 0.32765, -0.04778, 0.37048, -0.31684] 5 [0.127, 0.097, 0.004, 0.149, 0.104, 0, 0.186, 0.333] [0.15, 0.101, 0.016, 0.138, 0.105, 0.017, 0.181, 0.292]
[-0.01128, 0.4179, 0.57595, -0.3824, 0.32765, -0.04778, 0.37048, -0.31684] 6 [0.349, 0.132, 0.104, 0.001, 0.145, 0.102, 0, 0.167] [0.325, 0.144, 0.099, 0.011, 0.142, 0.097, 0.021, 0.161]
[-0.01128, 0.4179, 0.57595, -0.3824, 0.32765, -0.04778, 0.37048, -0.31684] 7 [0.162, 0.332, 0.142, 0.122, 0.003, 0.152, 0.087, 0] [0.195, 0.271, 0.131, 0.108, 0.021, 0.152, 0.098, 0.024]
[0.14476, -0.13602, 0.08138, 0.64696, -0.54237, -0.46487, -0.14794, -0.05673] 0 [0.018, 0.026, 0.013, 0.426, 0.287, 0.208, 0.021, 0.001] [0.034, 0.037, 0.024, 0.375, 0.256, 0.203, 0.036, 0.035]
[0.14476, -0.13602, 0.08138, 0.64696, -0.54237, -0.46487, -0.14794, -0.05673] 1 [0.003, 0.027, 0.02, 0.005, 0.461, 0.284, 0.182, 0.018] [0.026, 0.031, 0.032, 0.023, 0.383, 0.28, 0.199, 0.026]
[0.14476, -0.13602, 0.08138, 0.64696, -0.54237, -0.46487, -0.14794, -0.05673] 2 [0.021, 0.001, 0.021, 0.025, 0.009, 0.427, 0.28, 0.216] [0.03, 0.023, 0.048, 0.037, 0.015, 0.364, 0.277, 0.206]
[0.14476, -0.13602, 0.08138, 0.64696, -0.54237, -0.46487, -0.14794, -0.05673] 3 [0.22, 0.02, 0.006, 0.021, 0.02, 0.009, 0.428, 0.276] [0.208, 0.03, 0.024, 0.032, 0.045, 0.037, 0.374, 0.25]
[0.14476, -0.13602, 0.08138, 0.64696, -0.54237, -0.46487, -0.14794, -0.05673] 4 [0.31, 0.217, 0.023, 0.002, 0.02, 0.02, 0.003, 0.405] [0.263, 0.189, 0.037, 0.036, 0.024, 0.056, 0.025, 0.37]
[0.14476, -0.13602, 0.08138, 0.64696, -0.54237, -0.46487, -0.14794, -0.05673] 5 [0.441, 0.289, 0.211, 0.008, 0.001, 0.022, 0.018, 0.01] [0.361, 0.254, 0.194, 0.052, 0.039, 0.037, 0.037, 0.026]
[0.14476, -0.13602, 0.08138, 0.64696, -0.54237, -0.46487, -0.14794, -0.05673] 6 [0.009, 0.414, 0.307, 0.206, 0.023, 0.006, 0.015, 0.02] [0.026, 0.384, 0.251, 0.208, 0.046, 0.018, 0.039, 0.028]
[0.14476, -0.13602, 0.08138, 0.64696, -0.54237, -0.46487, -0.14794, -0.05673] 7 [0.02, 0.003, 0.415, 0.277, 0.231, 0.029, 0.001, 0.024] [0.03, 0.024, 0.376, 0.266, 0.2, 0.04, 0.031, 0.033]
[-0.50398, 0.26557, -0.41041, -0.45437, 0.12416, -0.10605, -0.35369, -0.38578] 0 [0.255, 0.069, 0.163, 0.191, 0.011, 0.011, 0.134, 0.166] [0.265, 0.077, 0.143, 0.183, 0.025, 0.035, 0.128, 0.144]
[-0.50398, 0.26557, -0.41041, -0.45437, 0.12416, -0.10605, -0.35369, -0.38578] 1 [0.146, 0.252, 0.077, 0.166, 0.188, 0.017, 0.011, 0.143] [0.154, 0.224, 0.085, 0.175, 0.171, 0.04, 0.025, 0.126]
[-0.50398, 0.26557, -0.41041, -0.45437, 0.12416, -0.10605, -0.35369, -0.38578] 2 [0.133, 0.147, 0.242, 0.065, 0.172, 0.221, 0.011, 0.009] [0.13, 0.136, 0.225, 0.076, 0.178, 0.208, 0.026, 0.021]
[-0.50398, 0.26557, -0.41041, -0.45437, 0.12416, -0.10605, -0.35369, -0.38578] 3 [0.008, 0.128, 0.133, 0.253, 0.065, 0.171, 0.228, 0.014] [0.024, 0.106, 0.154, 0.237, 0.075, 0.165, 0.201, 0.038]
[-0.50398, 0.26557, -0.41041, -0.45437, 0.12416, -0.10605, -0.35369, -0.38578] 4 [0.012, 0.009, 0.124, 0.162, 0.258, 0.057, 0.166, 0.212] [0.028, 0.028, 0.127, 0.136, 0.22, 0.073, 0.172, 0.216]
[-0.50398, 0.26557, -0.41041, -0.45437, 0.12416, -0.10605, -0.35369, -0.38578] 5 [0.213, 0.016, 0.013, 0.117, 0.151, 0.249, 0.082, 0.159] [0.195, 0.041, 0.032, 0.127, 0.14, 0.228, 0.074, 0.163]
[-0.50398, 0.26557, -0.41041, -0.45437, 0.12416, -0.10605, -0.35369, -0.38578] 6 [0.15, 0.195, 0.014, 0.006, 0.124, 0.144, 0.288, 0.079] [0.161, 0.201, 0.032, 0.029, 0.128, 0.152, 0.212, 0.085]
[-0.50398, 0.26557, -0.41041, -0.45437, 0.12416, -0.10605, -0.35369, -0.38578] 7 [0.065, 0.155, 0.217, 0.014, 0.006, 0.118, 0.16, 0.265] [0.085, 0.163, 0.203, 0.042, 0.031, 0.126, 0.133, 0.217]
[-0.40498, 0.5334, 0.15105, -0.64811, -0.27022, -0.00988, 0.17631, -0.06642] 0 [0.153, 0.282, 0.028, 0.438, 0.072, 0, 0.023, 0.004] [0.174, 0.241, 0.041, 0.384, 0.073, 0.024, 0.032, 0.031]
[-0.40498, 0.5334, 0.15105, -0.64811, -0.27022, -0.00988, 0.17631, -0.06642] 1 [0.003, 0.159, 0.281, 0.023, 0.438, 0.06, 0, 0.036] [0.025, 0.167, 0.264, 0.045, 0.337, 0.09, 0.02, 0.052]
[-0.40498, 0.5334, 0.15105, -0.64811, -0.27022, -0.00988, 0.17631, -0.06642] 2 [0.02, 0.008, 0.17, 0.273, 0.016, 0.455, 0.058, 0] [0.045, 0.039, 0.178, 0.275, 0.035, 0.348, 0.069, 0.011]
[-0.40498, 0.5334, 0.15105, -0.64811, -0.27022, -0.00988, 0.17631, -0.06642] 3 [0, 0.03, 0.001, 0.139, 0.317, 0.025, 0.41, 0.078] [0.029, 0.041, 0.018, 0.168, 0.247, 0.034, 0.387, 0.076]
[-0.40498, 0.5334, 0.15105, -0.64811, -0.27022, -0.00988, 0.17631, -0.06642] 4 [0.071, 0, 0.034, 0.006, 0.16, 0.307, 0.022, 0.4] [0.1, 0.024, 0.049, 0.02, 0.155, 0.264, 0.035, 0.353]
[-0.40498, 0.5334, 0.15105, -0.64811, -0.27022, -0.00988, 0.17631, -0.06642] 5 [0.415, 0.075, 0, 0.028, 0.003, 0.178, 0.274, 0.027] [0.34, 0.091, 0.028, 0.036, 0.026, 0.18, 0.243, 0.056]
[-0.40498, 0.5334, 0.15105, -0.64811, -0.27022, -0.00988, 0.17631, -0.06642] 6 [0.021, 0.411, 0.081, 0, 0.03, 0.005, 0.155, 0.297] [0.044, 0.38, 0.071, 0.021, 0.04, 0.025, 0.143, 0.276]
[-0.40498, 0.5334, 0.15105, -0.64811, -0.27022, -0.00988, 0.17631, -0.06642] 7 [0.3, 0.029, 0.416, 0.064, 0, 0.039, 0.002, 0.15] [0.252, 0.052, 0.387, 0.091, 0.014, 0.03, 0.03, 0.144]
[0.01412, -0.4778, -0.26755, -0.6288, -0.13373, -0.07279, -0.04493, 0.52852] 0 [0, 0.244, 0.067, 0.388, 0.013, 0.002, 0.004, 0.282] [0.009, 0.192, 0.081, 0.38, 0.019, 0.029, 0.021, 0.269]
[0.01412, -0.4778, -0.26755, -0.6288, -0.13373, -0.07279, -0.04493, 0.52852] 1 [0.286, 0, 0.23, 0.062, 0.386, 0.025, 0.01, 0.001] [0.264, 0.013, 0.217, 0.079, 0.363, 0.024, 0.025, 0.015]
[0.01412, -0.4778, -0.26755, -0.6288, -0.13373, -0.07279, -0.04493, 0.52852] 2 [0, 0.295, 0, 0.22, 0.081, 0.384, 0.017, 0.003] [0.02, 0.309, 0.006, 0.189, 0.078, 0.33, 0.028, 0.04]
[0.01412, -0.4778, -0.26755, -0.6288, -0.13373, -0.07279, -0.04493, 0.52852] 3 [0.003, 0.001, 0.289, 0, 0.213, 0.051, 0.421, 0.022] [0.035, 0.018, 0.261, 0.015, 0.214, 0.073, 0.351, 0.033]
[0.01412, -0.4778, -0.26755, -0.6288, -0.13373, -0.07279, -0.04493, 0.52852] 4 [0.018, 0.007, 0.002, 0.299, 0, 0.211, 0.064, 0.399] [0.019, 0.026, 0.022, 0.27, 0.005, 0.225, 0.079, 0.354]
[0.01412, -0.4778, -0.26755, -0.6288, -0.13373, -0.07279, -0.04493, 0.52852] 5 [0.393, 0.02, 0.008, 0.002, 0.263, 0, 0.245, 0.069] [0.348, 0.021, 0.026, 0.018, 0.255, 0.009, 0.228, 0.095]
[0.01412, -0.4778, -0.26755, -0.6288, -0.13373, -0.07279, -0.04493, 0.52852] 6 [0.057, 0.376, 0.018, 0.009, 0.001, 0.293, 0, 0.246] [0.075, 0.359, 0.018, 0.031, 0.022, 0.281, 0.007, 0.207]
[0.01412, -0.4778, -0.26755, -0.6288, -0.13373, -0.07279, -0.04493, 0.52852] 7 [0.218, 0.08, 0.384, 0.017, 0.006, 0.005, 0.289, 0.001] [0.195, 0.105, 0.384, 0.034, 0.017, 0.008, 0.246, 0.011]
[0.23726, 0.35819, 0.5083, -0.16881, 0.53371, -0.41801, -0.25966, -0.03923] 0 [0.058, 0.12, 0.261, 0.023, 0.293, 0.182, 0.062, 0.001] [0.064, 0.132, 0.231, 0.045, 0.259, 0.178, 0.084, 0.007]
[0.23726, 0.35819, 0.5083, -0.16881, 0.53371, -0.41801, -0.25966, -0.03923] 1 [0.003, 0.059, 0.138, 0.243, 0.031, 0.272, 0.176, 0.078] [0.019, 0.074, 0.113, 0.228, 0.042, 0.276, 0.17, 0.078]
[0.23726, 0.35819, 0.5083, -0.16881, 0.53371, -0.41801, -0.25966, -0.03923] 2 [0.065, 0.001, 0.049, 0.13, 0.27, 0.024, 0.276, 0.185] [0.079, 0.018, 0.075, 0.137, 0.236, 0.032, 0.267, 0.156]
[0.23726, 0.35819, 0.5083, -0.16881, 0.53371, -0.41801, -0.25966, -0.03923] 3 [0.177, 0.069, 0.002, 0.065, 0.115, 0.275, 0.024, 0.273] [0.169, 0.104, 0.01, 0.065, 0.116, 0.239, 0.041, 0.256]
[0.23726, 0.35819, 0.5083, -0.16881, 0.53371, -0.41801, -0.25966, -0.03923] 4 [0.291, 0.164, 0.062, 0.002, 0.051, 0.121, 0.281, 0.028] [0.275, 0.155, 0.075, 0.021, 0.06, 0.125, 0.24, 0.049]
[0.23726, 0.35819, 0.5083, -0.16881, 0.53371, -0.41801, -0.25966, -0.03923] 5 [0.029, 0.272, 0.185, 0.057, 0.001, 0.057, 0.116, 0.283] [0.039, 0.278, 0.174, 0.079, 0.018, 0.054, 0.121, 0.237]
[0.23726, 0.35819, 0.5083, -0.16881, 0.53371, -0.41801, -0.25966, -0.03923] 6 [0.245, 0.031, 0.285, 0.19, 0.067, 0, 0.062, 0.12] [0.231, 0.031, 0.277, 0.177, 0.068, 0.017, 0.067, 0.132]
[0.23726, 0.35819, 0.5083, -0.16881, 0.53371, -0.41801, -0.25966, -0.03923] 7 [0.118, 0.259, 0.032, 0.291, 0.171, 0.069, 0.003, 0.057] [0.129, 0.24, 0.039, 0.256, 0.186, 0.083, 0.018, 0.049]
[-0.03496, 0.50933, -0.75441, -0.14393, -0.19607, -0.29408, -0.06655, 0.14195] 0 [0, 0.258, 0.569, 0.02, 0.034, 0.099, 0.003, 0.017] [0.026, 0.222, 0.516, 0.044, 0.045, 0.101, 0.023, 0.023]
[-0.03496, 0.50933, -0.75441, -0.14393, -0.19607, -0.29408, -0.06655, 0.14195] 1 [0.021, 0.002, 0.245, 0.571, 0.021, 0.045, 0.093, 0.002] [0.033, 0.026, 0.24, 0.506, 0.034, 0.045, 0.087, 0.029]
[-0.03496, 0.50933, -0.75441, -0.14393, -0.19607, -0.29408, -0.06655, 0.14195] 2 [0.006, 0.024, 0, 0.257, 0.585, 0.023, 0.029, 0.076] [0.033, 0.03, 0.015, 0.232, 0.511, 0.029, 0.057, 0.093]
[-0.03496, 0.50933, -0.75441, -0.14393, -0.19607, -0.29408, -0.06655, 0.14195] 3 [0.088, 0.009, 0.016, 0, 0.262, 0.577, 0.02, 0.028] [0.074, 0.035, 0.032, 0.013, 0.254, 0.517, 0.032, 0.043]
[-0.03496, 0.50933, -0.75441, -0.14393, -0.19607, -0.29408, -0.06655, 0.14195] 4 [0.034, 0.074, 0.003, 0.031, 0.001, 0.238, 0.592, 0.027] [0.041, 0.101, 0.03, 0.032, 0.024, 0.234, 0.5, 0.038]
[-0.03496, 0.50933, -0.75441, -0.14393, -0.19607, -0.29408, -0.06655, 0.14195] 5 [0.025, 0.033, 0.099, 0.006, 0.02, 0.002, 0.247, 0.568] [0.035, 0.041, 0.075, 0.032, 0.025, 0.023, 0.231, 0.538]
[-0.03496, 0.50933, -0.75441, -0.14393, -0.19607, -0.29408, -0.06655, 0.14195] 6 [0.591, 0.017, 0.032, 0.07, 0.008, 0.019, 0.001, 0.262] [0.496, 0.052, 0.054, 0.089, 0.02, 0.035, 0.023, 0.231]
[-0.03496, 0.50933, -0.75441, -0.14393, -0.19607, -0.29408, -0.06655, 0.14195] 7 [0.278, 0.547, 0.015, 0.049, 0.084, 0.002, 0.024, 0.001] [0.257, 0.493, 0.043, 0.039, 0.087, 0.033, 0.026, 0.022]
[-0.18296, -0.31453, 0.60328, 0.28077, 0.05956, -0.29357, -0.42166, -0.3966] 0 [0.035, 0.095, 0.354, 0.081, 0.004, 0.096, 0.169, 0.166] [0.041, 0.098, 0.355, 0.087, 0.011, 0.083, 0.181, 0.144]
[-0.18296, -0.31453, 0.60328, 0.28077, 0.05956, -0.29357, -0.42166, -0.3966] 1 [0.163, 0.03, 0.111, 0.34, 0.086, 0.008, 0.075, 0.187] [0.157, 0.052, 0.078, 0.344, 0.082, 0.024, 0.084, 0.179]
[-0.18296, -0.31453, 0.60328, 0.28077, 0.05956, -0.29357, -0.42166, -0.3966] 2 [0.165, 0.151, 0.029, 0.106, 0.402, 0.075, 0.004, 0.068] [0.174, 0.162, 0.047, 0.103, 0.327, 0.089, 0.016, 0.082]
[-0.18296, -0.31453, 0.60328, 0.28077, 0.05956, -0.29357, -0.42166, -0.3966] 3 [0.101, 0.178, 0.163, 0.025, 0.108, 0.346, 0.077, 0.002] [0.097, 0.201, 0.135, 0.053, 0.089, 0.333, 0.078, 0.014]
[-0.18296, -0.31453, 0.60328, 0.28077, 0.05956, -0.29357, -0.42166, -0.3966] 4 [0.001, 0.078, 0.177, 0.158, 0.031, 0.109, 0.374, 0.072] [0.02, 0.083, 0.178, 0.15, 0.035, 0.109, 0.326, 0.099]
[-0.18296, -0.31453, 0.60328, 0.28077, 0.05956, -0.29357, -0.42166, -0.3966] 5 [0.074, 0.002, 0.089, 0.16, 0.163, 0.032, 0.101, 0.379] [0.091, 0.026, 0.088, 0.154, 0.138, 0.042, 0.1, 0.361]
[-0.18296, -0.31453, 0.60328, 0.28077, 0.05956, -0.29357, -0.42166, -0.3966] 6 [0.361, 0.091, 0.004, 0.09, 0.187, 0.142, 0.038, 0.087] [0.337, 0.102, 0.017, 0.09, 0.178, 0.141, 0.039, 0.096]
[-0.18296, -0.31453, 0.60328, 0.28077, 0.05956, -0.29357, -0.42166, -0.3966] 7 [0.103, 0.366, 0.059, 0.002, 0.103, 0.17, 0.173, 0.024] [0.104, 0.334, 0.076, 0.029, 0.095, 0.166, 0.14, 0.056]
[0.28561, -0.09175, -0.31265, 0.32414, 0.57987, -0.54642, -0.12423, -0.23861] 0 [0.078, 0.012, 0.095, 0.112, 0.313, 0.307, 0.013, 0.07] [0.099, 0.033, 0.098, 0.124, 0.286, 0.254, 0.033, 0.073]
[0.28561, -0.09175, -0.31265, 0.32414, 0.57987, -0.54642, -0.12423, -0.23861] 1 [0.055, 0.101, 0.008, 0.097, 0.092, 0.342, 0.29, 0.015] [0.058, 0.086, 0.026, 0.092, 0.11, 0.32, 0.278, 0.03]
[0.28561, -0.09175, -0.31265, 0.32414, 0.57987, -0.54642, -0.12423, -0.23861] 2 [0.017, 0.063, 0.069, 0.006, 0.103, 0.108, 0.32, 0.314] [0.035, 0.049, 0.091, 0.042, 0.103, 0.084, 0.311, 0.285]
[0.28561, -0.09175, -0.31265, 0.32414, 0.57987, -0.54642, -0.12423, -0.23861] 3 [0.284, 0.024, 0.058, 0.102, 0.011, 0.086, 0.105, 0.33] [0.27, 0.034, 0.061, 0.096, 0.031, 0.103, 0.119, 0.286]
[0.28561, -0.09175, -0.31265, 0.32414, 0.57987, -0.54642, -0.12423, -0.23861] 4 [0.307, 0.294, 0.013, 0.067, 0.074, 0.011, 0.097, 0.137] [0.315, 0.281, 0.021, 0.062, 0.088, 0.04, 0.093, 0.1]
[0.28561, -0.09175, -0.31265, 0.32414, 0.57987, -0.54642, -0.12423, -0.23861] 5 [0.114, 0.333, 0.299, 0.02, 0.061, 0.082, 0.006, 0.085] [0.123, 0.3, 0.26, 0.033, 0.083, 0.088, 0.028, 0.085]
[0.28561, -0.09175, -0.31265, 0.32414, 0.57987, -0.54642, -0.12423, -0.23861] 6 [0.099, 0.087, 0.331, 0.316, 0.016, 0.064, 0.074, 0.013] [0.112, 0.099, 0.335, 0.273, 0.027, 0.055, 0.079, 0.02]
[0.28561, -0.09175, -0.31265, 0.32414, 0.57987, -0.54642, -0.12423, -0.23861] 7 [0.006, 0.089, 0.087, 0.343, 0.317, 0.018, 0.061, 0.079] [0.039, 0.095, 0.099, 0.288, 0.255, 0.032, 0.073, 0.119]
[-0.26528, 0.68316, -0.14933, -0.10172, -0.14192, -0.10875, -0.14161, 0.61502] 0 [0.049, 0.472, 0.018, 0.009, 0.022, 0.017, 0.017, 0.396] [0.082, 0.44, 0.029, 0.03, 0.027, 0.027, 0.029, 0.336]
[-0.26528, 0.68316, -0.14933, -0.10172, -0.14192, -0.10875, -0.14161, 0.61502] 1 [0.407, 0.064, 0.455, 0.019, 0.006, 0.018, 0.014, 0.017] [0.351, 0.082, 0.409, 0.032, 0.024, 0.033, 0.039, 0.03]
[-0.26528, 0.68316, -0.14933, -0.10172, -0.14192, -0.10875, -0.14161, 0.61502] 2 [0.013, 0.388, 0.058, 0.495, 0.019, 0.005, 0.01, 0.012] [0.024, 0.32, 0.101, 0.42, 0.026, 0.04, 0.026, 0.043]
[-0.26528, 0.68316, -0.14933, -0.10172, -0.14192, -0.10875, -0.14161, 0.61502] 3 [0.016, 0.023, 0.382, 0.062, 0.457, 0.026, 0.013, 0.021] [0.052, 0.031, 0.355, 0.07, 0.417, 0.029, 0.023, 0.023]
[-0.26528, 0.68316, -0.14933, -0.10172, -0.14192, -0.10875, -0.14161, 0.61502] 4 [0.028, 0.01, 0.02, 0.38, 0.081, 0.454, 0.019, 0.008] [0.035, 0.033, 0.044, 0.33, 0.073, 0.408, 0.031, 0.046]
[-0.26528, 0.68316, -0.14933, -0.10172, -0.14192, -0.10875, -0.14161, 0.61502] 5 [0.01, 0.027, 0.005, 0.016, 0.362, 0.069, 0.488, 0.023] [0.032, 0.037, 0.035, 0.042, 0.318, 0.078, 0.419, 0.039]
[-0.26528, 0.68316, -0.14933, -0.10172, -0.14192, -0.10875, -0.14161, 0.61502] 6 [0.022, 0.011, 0.026, 0.01, 0.022, 0.39, 0.058, 0.461] [0.03, 0.033, 0.026, 0.028, 0.046, 0.336, 0.085, 0.416]
[-0.26528, 0.68316, -0.14933, -0.10172, -0.14192, -0.10875, -0.14161, 0.61502] 7 [0.453, 0.033, 0.01, 0.025, 0.012, 0.019, 0.375, 0.073] [0.407, 0.05, 0.035, 0.043, 0.039, 0.034, 0.31, 0.082]
[0.56651, 0.69945, 0.06877, 0.02365, -0.09471, 0.04469, -0.24044, 0.34026] 0 [0.344, 0.469, 0.005, 0.001, 0.005, 0.003, 0.055, 0.118] [0.271, 0.449, 0.026, 0.024, 0.029, 0.027, 0.056, 0.118]
[0.56651, 0.69945, 0.06877, 0.02365, -0.09471, 0.04469, -0.24044, 0.34026] 1 [0.113, 0.321, 0.508, 0.003, 0, 0.007, 0.002, 0.046] [0.123, 0.304, 0.427, 0.021, 0.013, 0.029, 0.025, 0.058]
[0.56651, 0.69945, 0.06877, 0.02365, -0.09471, 0.04469, -0.24044, 0.34026] 2 [0.065, 0.109, 0.307, 0.507, 0.002, 0, 0.009, 0.001] [0.056, 0.106, 0.293, 0.445, 0.018, 0.021, 0.026, 0.035]
[0.56651, 0.69945, 0.06877, 0.02365, -0.09471, 0.04469, -0.24044, 0.34026] 3 [0.003, 0.064, 0.106, 0.332, 0.487, 0.005, 0.001, 0.002] [0.021, 0.063, 0.115, 0.29, 0.44, 0.025, 0.012, 0.034]
[0.56651, 0.69945, 0.06877, 0.02365, -0.09471, 0.04469, -0.24044, 0.34026] 4 [0.007, 0.002, 0.061, 0.1, 0.361, 0.461, 0.008, 0] [0.034, 0.028, 0.062, 0.111, 0.281, 0.436, 0.017, 0.031]
[0.56651, 0.69945, 0.06877, 0.02365, -0.09471, 0.04469, -0.24044, 0.34026] 5 [0.001, 0.009, 0.001, 0.064, 0.118, 0.329, 0.47, 0.008] [0.017, 0.022, 0.017, 0.067, 0.111, 0.277, 0.459, 0.03]
[0.56651, 0.69945, 0.06877, 0.02365, -0.09471, 0.04469, -0.24044, 0.34026] 6 [0.009, 0.001, 0.004, 0.002, 0.058, 0.12, 0.331, 0.475] [0.015, 0.015, 0.044, 0.033, 0.06, 0.109, 0.289, 0.435]
[0.56651, 0.69945, 0.06877, 0.02365, -0.09471, 0.04469, -0.24044, 0.34026] 7 [0.501, 0.01, 0, 0.009, 0.006, 0.057, 0.114, 0.303] [0.442, 0.028, 0.015, 0.035, 0.032, 0.071, 0.096, 0.281]
[-0.40575, 0.14381, -0.63015, 0.36638, 0.0239, -0.50917, 0.14455, 0.05135] 0 [0.16, 0.025, 0.395, 0.15, 0, 0.242, 0.025, 0.003] [0.169, 0.032, 0.347, 0.122, 0.024, 0.253, 0.037, 0.016]
[-0.40575, 0.14381, -0.63015, 0.36638, 0.0239, -0.50917, 0.14455, 0.05135] 1 [0.001, 0.156, 0.015, 0.405, 0.137, 0.001, 0.262, 0.023] [0.015, 0.174, 0.039, 0.348, 0.143, 0.015, 0.226, 0.04]
[-0.40575, 0.14381, -0.63015, 0.36638, 0.0239, -0.50917, 0.14455, 0.05135] 2 [0.018, 0.002, 0.182, 0.024, 0.388, 0.145, 0.001, 0.24] [0.039, 0.02, 0.154, 0.041, 0.393, 0.129, 0.025, 0.199]
[-0.40575, 0.14381, -0.63015, 0.36638, 0.0239, -0.50917, 0.14455, 0.05135] 3 [0.268, 0.024, 0.003, 0.144, 0.019, 0.398, 0.144, 0] [0.239, 0.044, 0.024, 0.168, 0.024, 0.325, 0.151, 0.025]
[-0.40575, 0.14381, -0.63015, 0.36638, 0.0239, -0.50917, 0.14455, 0.05135] 4 [0.002, 0.258, 0.021, 0.003, 0.165, 0.016, 0.397, 0.138] [0.025, 0.204, 0.048, 0.024, 0.168, 0.043, 0.353, 0.135]
[-0.40575, 0.14381, -0.63015, 0.36638, 0.0239, -0.50917, 0.14455, 0.05135] 5 [0.142, 0.001, 0.262, 0.016, 0.003, 0.125, 0.017, 0.434] [0.134, 0.026, 0.223, 0.037, 0.018, 0.172, 0.038, 0.352]
[-0.40575, 0.14381, -0.63015, 0.36638, 0.0239, -0.50917, 0.14455, 0.05135] 6 [0.409, 0.14, 0.001, 0.257, 0.024, 0.003, 0.149, 0.017] [0.37, 0.139, 0.024, 0.233, 0.035, 0.021, 0.145, 0.033]
[-0.40575, 0.14381, -0.63015, 0.36638, 0.0239, -0.50917, 0.14455, 0.05135] 7 [0.021, 0.384, 0.154, 0, 0.266, 0.02, 0.005, 0.15] [0.039, 0.325, 0.123, 0.021, 0.252, 0.045, 0.022, 0.173]
[-0.26454, -0.16482, -0.13545, 0.34427, 0.56194, 0.60899, -0.1714, 0.22351] 0 [0.071, 0.032, 0.023, 0.106, 0.298, 0.377, 0.03, 0.063] [0.09, 0.049, 0.035, 0.114, 0.299, 0.316, 0.043, 0.054]
[-0.26454, -0.16482, -0.13545, 0.34427, 0.56194, 0.60899, -0.1714, 0.22351] 1 [0.049, 0.064, 0.033, 0.02, 0.114, 0.297, 0.386, 0.037] [0.062, 0.088, 0.051, 0.03, 0.116, 0.265, 0.338, 0.05]
[-0.26454, -0.16482, -0.13545, 0.34427, 0.56194, 0.60899, -0.1714, 0.22351] 2 [0.032, 0.042, 0.065, 0.032, 0.015, 0.122, 0.304, 0.388] [0.039, 0.072, 0.074, 0.06, 0.016, 0.12, 0.3, 0.319]
[-0.26454, -0.16482, -0.13545, 0.34427, 0.56194, 0.60899, -0.1714, 0.22351] 3 [0.374, 0.029, 0.052, 0.062, 0.028, 0.016, 0.116, 0.323] [0.314, 0.054, 0.077, 0.078, 0.048, 0.024, 0.113, 0.292]
[-0.26454, -0.16482, -0.13545, 0.34427, 0.56194, 0.60899, -0.1714, 0.22351] 4 [0.322, 0.383, 0.026, 0.047, 0.083, 0.019, 0.014, 0.106] [0.312, 0.324, 0.037, 0.065, 0.103, 0.039, 0.016, 0.104]
[-0.26454, -0.16482, -0.13545, 0.34427, 0.56194, 0.60899, -0.1714, 0.22351] 5 [0.109, 0.314, 0.383, 0.035, 0.05, 0.067, 0.024, 0.018] [0.122, 0.302, 0.305, 0.053, 0.068, 0.07, 0.05, 0.03]
[-0.26454, -0.16482, -0.13545, 0.34427, 0.56194, 0.60899, -0.1714, 0.22351] 6 [0.013, 0.111, 0.304, 0.363, 0.034, 0.057, 0.081, 0.037] [0.027, 0.112, 0.276, 0.334, 0.044, 0.06, 0.085, 0.062]
[-0.26454, -0.16482, -0.13545, 0.34427, 0.56194, 0.60899, -0.1714, 0.22351] 7 [0.025, 0.022, 0.118, 0.314, 0.391, 0.025, 0.038, 0.067] [0.042, 0.032, 0.114, 0.28, 0.338, 0.037, 0.074, 0.083]
[0.15227, 0.05276, -0.15681, 0.06457, 0.38928, -0.11868, -0.30199, 0.82973] 0 [0.022, 0.004, 0.025, 0.004, 0.162, 0.019, 0.098, 0.666] [0.031, 0.018, 0.037, 0.038, 0.139, 0.048, 0.107, 0.582]
[0.15227, 0.05276, -0.15681, 0.06457, 0.38928, -0.11868, -0.30199, 0.82973] 1 [0.687, 0.025, 0, 0.016, 0.01, 0.16, 0.013, 0.089] [0.629, 0.045, 0.016, 0.037, 0.021, 0.145, 0.026, 0.081]
[0.15227, 0.05276, -0.15681, 0.06457, 0.38928, -0.11868, -0.30199, 0.82973] 2 [0.1, 0.688, 0.019, 0.004, 0.02, 0.005, 0.152, 0.012] [0.103, 0.621, 0.032, 0.016, 0.028, 0.029, 0.142, 0.029]
[0.15227, 0.05276, -0.15681, 0.06457, 0.38928, -0.11868, -0.30199, 0.82973] 3 [0.02, 0.096, 0.678, 0.017, 0, 0.012, 0.005, 0.172] [0.032, 0.09, 0.617, 0.038, 0.017, 0.024, 0.028, 0.154]
[0.15227, 0.05276, -0.15681, 0.06457, 0.38928, -0.11868, -0.30199, 0.82973] 4 [0.16, 0.014, 0.103, 0.664, 0.027, 0.007, 0.022, 0.003] [0.149, 0.038, 0.109, 0.589, 0.027, 0.011, 0.044, 0.033]
[0.15227, 0.05276, -0.15681, 0.06457, 0.38928, -0.11868, -0.30199, 0.82973] 5 [0.004, 0.145, 0.02, 0.088, 0.707, 0.017, 0.002, 0.017] [0.033, 0.142, 0.027, 0.098, 0.6, 0.042, 0.014, 0.044]
[0.15227, 0.05276, -0.15681, 0.06457, 0.38928, -0.11868, -0.30199, 0.82973] 6 [0.021, 0.004, 0.145, 0.013, 0.095, 0.7, 0.018, 0.004] [0.041, 0.033, 0.151, 0.027, 0.082, 0.614, 0.034, 0.018]
[0.15227, 0.05276, -0.15681, 0.06457, 0.38928, -0.11868, -0.30199, 0.82973] 7 [0.003, 0.026, 0.004, 0.159, 0.013, 0.108, 0.656, 0.031] [0.009, 0.033, 0.04, 0.136, 0.032, 0.098, 0.609, 0.043]
[-0.84751, -0.35442, 0.11729, 0.00329, 0.07845, 0.20892, -0.25278, -0.16927] 0 [0.722, 0.128, 0.013, 0, 0.008, 0.042, 0.058, 0.029] [0.649, 0.125, 0.043, 0.009, 0.029, 0.05, 0.07, 0.025]
[-0.84751, -0.35442, 0.11729, 0.00329, 0.07845, 0.20892, -0.25278, -0.16927] 1 [0.021, 0.728, 0.111, 0.017, 0, 0.006, 0.052, 0.065] [0.033, 0.622, 0.129, 0.035, 0.016, 0.035, 0.057, 0.073]
[-0.84751, -0.35442, 0.11729, 0.00329, 0.07845, 0.20892, -0.25278, -0.16927] 2 [0.059, 0.03, 0.712, 0.142, 0.014, 0, 0.009, 0.034] [0.071, 0.025, 0.648, 0.144, 0.03, 0.016, 0.021, 0.045]
[-0.84751, -0.35442, 0.11729, 0.00329, 0.07845, 0.20892, -0.25278, -0.16927] 3 [0.032, 0.06, 0.03, 0.745, 0.116, 0.014, 0, 0.003] [0.046, 0.078, 0.029, 0.623, 0.152, 0.029, 0.009, 0.034]
[-0.84751, -0.35442, 0.11729, 0.00329, 0.07845, 0.20892, -0.25278, -0.16927] 4 [0.006, 0.04, 0.052, 0.033, 0.738, 0.12, 0.011, 0] [0.033, 0.058, 0.065, 0.038, 0.625, 0.119, 0.052, 0.01]
[-0.84751, -0.35442, 0.11729, 0.00329, 0.07845, 0.20892, -0.25278, -0.16927] 5 [0, 0.009, 0.039, 0.067, 0.028, 0.727, 0.119, 0.011] [0.012, 0.041, 0.042, 0.07, 0.041, 0.636, 0.125, 0.033]
[-0.84751, -0.35442, 0.11729, 0.00329, 0.07845, 0.20892, -0.25278, -0.16927] 6 [0.014, 0, 0.006, 0.041, 0.057, 0.035, 0.72, 0.127] [0.03, 0.01, 0.048, 0.048, 0.08, 0.031, 0.616, 0.137]
[-0.84751, -0.35442, 0.11729, 0.00329, 0.07845, 0.20892, -0.25278, -0.16927] 7 [0.139, 0.008, 0, 0.006, 0.049, 0.071, 0.031, 0.696] [0.12, 0.043, 0.014, 0.035, 0.056, 0.082, 0.032, 0.618]
[0.03153, 0.27694, 0.14123, 0.06093, -0.68556, -0.32666, -0.05614, 0.56462] 0 [0, 0.075, 0.017, 0.007, 0.481, 0.105, 0.004, 0.311] [0.02, 0.075, 0.041, 0.023, 0.437, 0.127, 0.014, 0.263]
[0.03153, 0.27694, 0.14123, 0.06093, -0.68556, -0.32666, -0.05614, 0.56462] 1 [0.322, 0.002, 0.077, 0.02, 0.001, 0.479, 0.095, 0.004] [0.288, 0.023, 0.095, 0.03, 0.017, 0.414, 0.11, 0.023]
[0.03153, 0.27694, 0.14123, 0.06093, -0.68556, -0.32666, -0.05614, 0.56462] 2 [0.003, 0.361, 0, 0.089, 0.025, 0.003, 0.421, 0.098] [0.014, 0.284, 0.019, 0.1, 0.03, 0.018, 0.417, 0.118]
[0.03153, 0.27694, 0.14123, 0.06093, -0.68556, -0.32666, -0.05614, 0.56462] 3 [0.111, 0.005, 0.301, 0, 0.083, 0.018, 0.004, 0.478] [0.113, 0.03, 0.276, 0.032, 0.073, 0.042, 0.02, 0.414]
[0.03153, 0.27694, 0.14123, 0.06093, -0.68556, -0.32666, -0.05614, 0.56462] 4 [0.475, 0.082, 0.004, 0.327, 0.001, 0.087, 0.02, 0.004] [0.421, 0.124, 0.025, 0.26, 0.027, 0.086, 0.033, 0.024]
[0.03153, 0.27694, 0.14123, 0.06093, -0.68556, -0.32666, -0.05614, 0.56462] 5 [0.004, 0.464, 0.117, 0.005, 0.298, 0.002, 0.086, 0.024] [0.036, 0.395, 0.105, 0.028, 0.287, 0.032, 0.083, 0.034]
[0.03153, 0.27694, 0.14123, 0.06093, -0.68556, -0.32666, -0.05614, 0.56462] 6 [0.014, 0.005, 0.456, 0.093, 0.003, 0.361, 0, 0.068] [0.036, 0.014, 0.446, 0.109, 0.019, 0.284, 0.022, 0.07]
[0.03153, 0.27694, 0.14123, 0.06093, -0.68556, -0.32666, -0.05614, 0.56462] 7 [0.077, 0.021, 0.005, 0.44, 0.12, 0.005, 0.331, 0.001] [0.087, 0.033, 0.03, 0.429, 0.106, 0.019, 0.273, 0.023]
[0.22253, 0.44834, -0.57625, -0.24573, 0.48119, -0.23862, 0.21989, 0.14208] 0 [0.043, 0.202, 0.333, 0.058, 0.227, 0.065, 0.053, 0.019] [0.072, 0.189, 0.291, 0.059, 0.207, 0.081, 0.062, 0.039]
[0.22253, 0.44834, -0.57625, -0.24573, 0.48119, -0.23862, 0.21989, 0.14208] 1 [0.018, 0.052, 0.195, 0.327, 0.062, 0.231, 0.053, 0.062] [0.035, 0.057, 0.201, 0.291, 0.069, 0.219, 0.059, 0.069]
[0.22253, 0.44834, -0.57625, -0.24573, 0.48119, -0.23862, 0.21989, 0.14208] 2 [0.05, 0.017, 0.052, 0.184, 0.342, 0.058, 0.245, 0.052] [0.05, 0.032, 0.072, 0.165, 0.307, 0.073, 0.227, 0.074]
[0.22253, 0.44834, -0.57625, -0.24573, 0.48119, -0.23862, 0.21989, 0.14208] 3 [0.05, 0.044, 0.02, 0.05, 0.195, 0.313, 0.079, 0.249] [0.075, 0.058, 0.025, 0.068, 0.2, 0.299, 0.059, 0.216]
[0.22253, 0.44834, -0.57625, -0.24573, 0.48119, -0.23862, 0.21989, 0.14208] 4 [0.21, 0.053, 0.057, 0.026, 0.056, 0.197, 0.352, 0.049] [0.212, 0.074, 0.066, 0.03, 0.066, 0.187, 0.298, 0.067]
[0.22253, 0.44834, -0.57625, -0.24573, 0.48119, -0.23862, 0.21989, 0.14208] 5 [0.076, 0.245, 0.061, 0.05, 0.033, 0.043, 0.204, 0.288] [0.083, 0.202, 0.067, 0.064, 0.042, 0.07, 0.179, 0.293]
[0.22253, 0.44834, -0.57625, -0.24573, 0.48119, -0.23862, 0.21989, 0.14208] 6 [0.308, 0.063, 0.237, 0.06, 0.052, 0.016, 0.058, 0.206] [0.314, 0.051, 0.19, 0.076, 0.063, 0.04, 0.065, 0.201]
[0.22253, 0.44834, -0.57625, -0.24573, 0.48119, -0.23862, 0.21989, 0.14208] 7 [0.206, 0.351, 0.061, 0.232, 0.056, 0.044, 0.019, 0.031] [0.195, 0.316, 0.061, 0.227, 0.06, 0.058, 0.021, 0.062]
[-0.18016, -0.2786, 0.22871, -0.02463, -0.07801, -0.22799, -0.73923, -0.48216] 0 [0.031, 0.084, 0.054, 0.001, 0.01, 0.05, 0.528, 0.242] [0.05, 0.078, 0.067, 0.018, 0.022, 0.057, 0.498, 0.21]
[-0.18016, -0.2786, 0.22871, -0.02463, -0.07801, -0.22799, -0.73923, -0.48216] 1 [0.246, 0.026, 0.092, 0.061, 0, 0.004, 0.047, 0.524] [0.203, 0.04, 0.083, 0.07, 0.02, 0.029, 0.051, 0.504]
[-0.18016, -0.2786, 0.22871, -0.02463, -0.07801, -0.22799, -0.73923, -0.48216] 2 [0.525, 0.24, 0.032, 0.099, 0.05, 0, 0.004, 0.05] [0.504, 0.228, 0.044, 0.072, 0.061, 0.014, 0.03, 0.047]
[-0.18016, -0.2786, 0.22871, -0.02463, -0.07801, -0.22799, -0.73923, -0.48216] 3 [0.057, 0.525, 0.231, 0.034, 0.094, 0.049, 0.002, 0.008] [0.063, 0.467, 0.213, 0.033, 0.08, 0.092, 0.022, 0.03]
[-0.18016, -0.2786, 0.22871, -0.02463, -0.07801, -0.22799, -0.73923, -0.48216] 4 [0.005, 0.067, 0.547, 0.218, 0.033, 0.071, 0.059, 0] [0.022, 0.067, 0.486, 0.196, 0.043, 0.083, 0.079, 0.024]
[-0.18016, -0.2786, 0.22871, -0.02463, -0.07801, -0.22799, -0.73923, -0.48216] 5 [0, 0.006, 0.056, 0.56, 0.233, 0.028, 0.074, 0.043] [0.019, 0.023, 0.07, 0.487, 0.223, 0.046, 0.072, 0.06]
[-0.18016, -0.2786, 0.22871, -0.02463, -0.07801, -0.22799, -0.73923, -0.48216] 6 [0.052, 0, 0.005, 0.051, 0.525, 0.231, 0.038, 0.098] [0.081, 0.019, 0.016, 0.051, 0.486, 0.229, 0.037, 0.081]
[-0.18016, -0.2786, 0.22871, -0.02463, -0.07801, -0.22799, -0.73923, -0.48216] 7 [0.083, 0.047, 0, 0.01, 0.056, 0.549, 0.221, 0.034] [0.079, 0.073, 0.016, 0.035, 0.067, 0.476, 0.207, 0.047]
[-0.47822, 0.07376, -0.3265, 0.40681, 0.47921, -0.33704, -0.3731, -0.10639] 0 [0.246, 0.003, 0.089, 0.158, 0.238, 0.107, 0.138, 0.021] [0.183, 0.021, 0.123, 0.163, 0.209, 0.114, 0.156, 0.031]
[-0.47822, 0.07376, -0.3265, 0.40681, 0.47921, -0.33704, -0.3731, -0.10639] 1 [0.011, 0.217, 0.006, 0.119, 0.168, 0.214, 0.112, 0.153] [0.03, 0.234, 0.013, 0.118, 0.13, 0.237, 0.11, 0.128]
[-0.47822, 0.07376, -0.3265, 0.40681, 0.47921, -0.33704, -0.3731, -0.10639] 2 [0.126, 0.013, 0.221, 0.003, 0.131, 0.159, 0.24, 0.107] [0.152, 0.021, 0.221, 0.021, 0.114, 0.132, 0.234, 0.105]
[-0.47822, 0.07376, -0.3265, 0.40681, 0.47921, -0.33704, -0.3731, -0.10639] 3 [0.114, 0.154, 0.013, 0.206, 0.008, 0.114, 0.16, 0.231] [0.109, 0.131, 0.022, 0.215, 0.02, 0.11, 0.166, 0.227]
[-0.47822, 0.07376, -0.3265, 0.40681, 0.47921, -0.33704, -0.3731, -0.10639] 4 [0.238, 0.123, 0.124, 0.018, 0.218, 0.002, 0.111, 0.166] [0.213, 0.119, 0.14, 0.027, 0.235, 0.02, 0.106, 0.14]
[-0.47822, 0.07376, -0.3265, 0.40681, 0.47921, -0.33704, -0.3731, -0.10639] 5 [0.185, 0.235, 0.112, 0.114, 0.007, 0.226, 0, 0.121] [0.148, 0.209, 0.116, 0.139, 0.032, 0.223, 0.02, 0.113]
[-0.47822, 0.07376, -0.3265, 0.40681, 0.47921, -0.33704, -0.3731, -0.10639] 6 [0.088, 0.187, 0.218, 0.1, 0.135, 0.018, 0.249, 0.005] [0.13, 0.152, 0.227, 0.107, 0.135, 0.023, 0.208, 0.018]
[-0.47822, 0.07376, -0.3265, 0.40681, 0.47921, -0.33704, -0.3731, -0.10639] 7 [0.007, 0.102, 0.179, 0.215, 0.124, 0.144, 0.01, 0.219] [0.023, 0.101, 0.146, 0.225, 0.123, 0.133, 0.027, 0.222]
[0.02529, 0.05378, -0.34571, -0.24717, -0.78192, 0.38885, -0.09897, -0.20849] 0 [0.001, 0.003, 0.131, 0.059, 0.598, 0.149, 0.013, 0.046] [0.034, 0.019, 0.12, 0.072, 0.536, 0.138, 0.033, 0.048]
[0.02529, 0.05378, -0.34571, -0.24717, -0.78192, 0.38885, -0.09897, -0.20849] 1 [0.042, 0, 0.002, 0.117, 0.066, 0.609, 0.159, 0.005] [0.046, 0.029, 0.023, 0.111, 0.053, 0.559, 0.147, 0.032]
[0.02529, 0.05378, -0.34571, -0.24717, -0.78192, 0.38885, -0.09897, -0.20849] 2 [0.014, 0.047, 0, 0.002, 0.104, 0.065, 0.613, 0.155] [0.024, 0.056, 0.031, 0.016, 0.122, 0.066, 0.551, 0.134]
[0.02529, 0.05378, -0.34571, -0.24717, -0.78192, 0.38885, -0.09897, -0.20849] 3 [0.162, 0.006, 0.052, 0.001, 0.003, 0.118, 0.046, 0.612] [0.144, 0.037, 0.053, 0.03, 0.021, 0.126, 0.075, 0.514]
[0.02529, 0.05378, -0.34571, -0.24717, -0.78192, 0.38885, -0.09897, -0.20849] 4 [0.615, 0.16, 0.006, 0.04, 0, 0.002, 0.114, 0.063] [0.546, 0.149, 0.043, 0.037, 0.023, 0.013, 0.114, 0.075]
[0.02529, 0.05378, -0.34571, -0.24717, -0.78192, 0.38885, -0.09897, -0.20849] 5 [0.047, 0.614, 0.149, 0.008, 0.053, 0.001, 0.008, 0.12] [0.072, 0.519, 0.159, 0.03, 0.061, 0.031, 0.02, 0.108]
[0.02529, 0.05378, -0.34571, -0.24717, -0.78192, 0.38885, -0.09897, -0.20849] 6 [0.114, 0.056, 0.605, 0.162, 0.014, 0.045, 0.001, 0.003] [0.109, 0.052, 0.543, 0.159, 0.029, 0.06, 0.032, 0.016]
[0.02529, 0.05378, -0.34571, -0.24717, -0.78192, 0.38885, -0.09897, -0.20849] 7 [0.004, 0.116, 0.055, 0.62, 0.148, 0.012, 0.045, 0] [0.028, 0.12, 0.076, 0.508, 0.147, 0.036, 0.057, 0.028]
[0.52255, 0.17787, 0.02446, 0.23866, 0.23007, 0.14641, 0.35915, 0.65908] 0 [0.268, 0.031, 0, 0.056, 0.053, 0.021, 0.146, 0.425] [0.242, 0.034, 0.021, 0.076, 0.061, 0.04, 0.12, 0.406]
[0.52255, 0.17787, 0.02446, 0.23866, 0.23007, 0.14641, 0.35915, 0.65908] 1 [0.407, 0.292, 0.033, 0.001, 0.051, 0.054, 0.022, 0.14] [0.36, 0.26, 0.046, 0.02, 0.077, 0.059, 0.043, 0.135]
[0.52255, 0.17787, 0.02446, 0.23866, 0.23007, 0.14641, 0.35915, 0.65908] 2 [0.142, 0.424, 0.265, 0.028, 0.001, 0.049, 0.06, 0.031] [0.12, 0.369, 0.271, 0.036, 0.015, 0.082, 0.072, 0.035]
[0.52255, 0.17787, 0.02446, 0.23866, 0.23007, 0.14641, 0.35915, 0.65908] 3 [0.018, 0.122, 0.429, 0.271, 0.036, 0.001, 0.071, 0.052] [0.04, 0.13, 0.394, 0.245, 0.036, 0.011, 0.074, 0.07]
[0.52255, 0.17787, 0.02446, 0.23866, 0.23007, 0.14641, 0.35915, 0.65908] 4 [0.053, 0.023, 0.146, 0.452, 0.248, 0.027, 0, 0.051] [0.066, 0.037, 0.133, 0.365, 0.264, 0.049, 0.016, 0.07]
[0.52255, 0.17787, 0.02446, 0.23866, 0.23007, 0.14641, 0.35915, 0.65908] 5 [0.065, 0.058, 0.015, 0.125, 0.424, 0.282, 0.031, 0] [0.069, 0.069, 0.026, 0.141, 0.37, 0.258, 0.043, 0.024]
[0.52255, 0.17787, 0.02446, 0.23866, 0.23007, 0.14641, 0.35915, 0.65908] 6 [0.001, 0.054, 0.063, 0.026, 0.131, 0.403, 0.287, 0.035] [0.015, 0.058, 0.066, 0.036, 0.138, 0.39, 0.252, 0.045]
[0.52255, 0.17787, 0.02446, 0.23866, 0.23007, 0.14641, 0.35915, 0.65908] 7 [0.022, 0, 0.072, 0.048, 0.024, 0.138, 0.42, 0.276] [0.046, 0.01, 0.068, 0.061, 0.042, 0.115, 0.419, 0.239]
[-0.30373, -0.20935, 0.46132, -0.07328, -0.01779, 0.2395, -0.33416, -0.69021] 0 [0.094, 0.065, 0.218, 0.005, 0, 0.067, 0.096, 0.455] [0.089, 0.05, 0.2, 0.022, 0.022, 0.077, 0.112, 0.428]
[-0.30373, -0.20935, 0.46132, -0.07328, -0.01779, 0.2395, -0.33416, -0.69021] 1 [0.443, 0.108, 0.041, 0.224, 0.009, 0, 0.059, 0.116] [0.43, 0.083, 0.052, 0.194, 0.036, 0.015, 0.07, 0.12]
[-0.30373, -0.20935, 0.46132, -0.07328, -0.01779, 0.2395, -0.33416, -0.69021] 2 [0.11, 0.487, 0.094, 0.047, 0.197, 0.004, 0, 0.061] [0.139, 0.429, 0.091, 0.06, 0.175, 0.023, 0.015, 0.068]
[-0.30373, -0.20935, 0.46132, -0.07328, -0.01779, 0.2395, -0.33416, -0.69021] 3 [0.057, 0.117, 0.466, 0.099, 0.048, 0.21, 0.003, 0] [0.072, 0.12, 0.403, 0.104, 0.063, 0.188, 0.035, 0.015]
[-0.30373, -0.20935, 0.46132, -0.07328, -0.01779, 0.2395, -0.33416, -0.69021] 4 [0, 0.061, 0.101, 0.476, 0.108, 0.047, 0.203, 0.004] [0.025, 0.073, 0.115, 0.41, 0.105, 0.049, 0.193, 0.03]
[-0.30373, -0.20935, 0.46132, -0.07328, -0.01779, 0.2395, -0.33416, -0.69021] 5 [0.005, 0, 0.059, 0.109, 0.477, 0.087, 0.047, 0.216] [0.031, 0.013, 0.061, 0.113, 0.459, 0.102, 0.046, 0.175]
[-0.30373, -0.20935, 0.46132, -0.07328, -0.01779, 0.2395, -0.33416, -0.69021] 6 [0.225, 0.003, 0, 0.067, 0.117, 0.456, 0.089, 0.043] [0.182, 0.043, 0.02, 0.078, 0.12, 0.411, 0.098, 0.048]
[-0.30373, -0.20935, 0.46132, -0.07328, -0.01779, 0.2395, -0.33416, -0.69021] 7 [0.042, 0.246, 0.003, 0, 0.057, 0.107, 0.465, 0.08] [0.043, 0.207, 0.025, 0.016, 0.06, 0.115, 0.441, 0.093]
[-0.27389, 0.64405, 0.40994, -0.12035, -0.48404, 0.07269, 0.18828, 0.2294] 0 [0.079, 0.425, 0.168, 0.019, 0.204, 0.003, 0.039, 0.063] [0.092, 0.378, 0.165, 0.018, 0.215, 0.031, 0.053, 0.048]
[-0.27389, 0.64405, 0.40994, -0.12035, -0.48404, 0.07269, 0.18828, 0.2294] 1 [0.049, 0.079, 0.414, 0.178, 0.014, 0.234, 0.005, 0.027] [0.052, 0.105, 0.377, 0.147, 0.029, 0.217, 0.02, 0.053]
[-0.27389, 0.64405, 0.40994, -0.12035, -0.48404, 0.07269, 0.18828, 0.2294] 2 [0.034, 0.044, 0.08, 0.396, 0.172, 0.015, 0.256, 0.003] [0.056, 0.054, 0.077, 0.351, 0.193, 0.033, 0.213, 0.023]
[-0.27389, 0.64405, 0.40994, -0.12035, -0.48404, 0.07269, 0.18828, 0.2294] 3 [0.004, 0.05, 0.043, 0.087, 0.413, 0.164, 0.013, 0.226] [0.028, 0.045, 0.076, 0.102, 0.388, 0.142, 0.026, 0.193]
[-0.27389, 0.64405, 0.40994, -0.12035, -0.48404, 0.07269, 0.18828, 0.2294] 4 [0.222, 0.004, 0.032, 0.066, 0.071, 0.414, 0.18, 0.011] [0.192, 0.037, 0.044, 0.061, 0.091, 0.371, 0.168, 0.036]
[-0.27389, 0.64405, 0.40994, -0.12035, -0.48404, 0.07269, 0.18828, 0.2294] 5 [0.011, 0.238, 0.003, 0.038, 0.054, 0.082, 0.422, 0.152] [0.027, 0.222, 0.028, 0.054, 0.055, 0.08, 0.368, 0.166]
[-0.27389, 0.64405, 0.40994, -0.12035, -0.48404, 0.07269, 0.18828, 0.2294] 6 [0.171, 0.015, 0.227, 0.002, 0.028, 0.049, 0.061, 0.447] [0.173, 0.027, 0.194, 0.025, 0.054, 0.067, 0.086, 0.374]
[-0.27389, 0.64405, 0.40994, -0.12035, -0.48404, 0.07269, 0.18828, 0.2294] 7 [0.414, 0.177, 0.014, 0.229, 0.005, 0.047, 0.046, 0.068] [0.377, 0.173, 0.024, 0.216, 0.021, 0.065, 0.042, 0.082]
[0.44664, -0.00641, -0.51278, 0.51769, 0.05033, 0.40814, -0.2211, -0.22701] 0 [0.211, 0, 0.254, 0.263, 0.001, 0.163, 0.051, 0.057] [0.171, 0.015, 0.249, 0.246, 0.02, 0.157, 0.074, 0.068]
[0.44664, -0.00641, -0.51278, 0.51769, 0.05033, 0.40814, -0.2211, -0.22701] 1 [0.053, 0.18, 0, 0.287, 0.243, 0, 0.182, 0.055] [0.069, 0.191, 0.027, 0.22, 0.25, 0.017, 0.154, 0.072]
[0.44664, -0.00641, -0.51278, 0.51769, 0.05033, 0.40814, -0.2211, -0.22701] 2 [0.054, 0.038, 0.187, 0, 0.271, 0.287, 0.001, 0.162] [0.074, 0.068, 0.192, 0.019, 0.238, 0.236, 0.019, 0.154]
[0.44664, -0.00641, -0.51278, 0.51769, 0.05033, 0.40814, -0.2211, -0.22701] 3 [0.169, 0.04, 0.066, 0.185, 0.001, 0.246, 0.291, 0.002] [0.176, 0.06, 0.056, 0.182, 0.023, 0.227, 0.259, 0.017]
[0.44664, -0.00641, -0.51278, 0.51769, 0.05033, 0.40814, -0.2211, -0.22701] 4 [0, 0.164, 0.05, 0.048, 0.188, 0, 0.281, 0.269] [0.017, 0.16, 0.056, 0.056, 0.173, 0.026, 0.256, 0.256]
[0.44664, -0.00641, -0.51278, 0.51769, 0.05033, 0.40814, -0.2211, -0.22701] 5 [0.262, 0.002, 0.179, 0.049, 0.066, 0.183, 0, 0.259] [0.232, 0.028, 0.15, 0.069, 0.077, 0.171, 0.026, 0.247]
[0.44664, -0.00641, -0.51278, 0.51769, 0.05033, 0.40814, -0.2211, -0.22701] 6 [0.28, 0.268, 0.001, 0.16, 0.043, 0.047, 0.201, 0] [0.252, 0.241, 0.032, 0.146, 0.076, 0.062, 0.175, 0.016]
[0.44664, -0.00641, -0.51278, 0.51769, 0.05033, 0.40814, -0.2211, -0.22701] 7 [0, 0.266, 0.273, 0.001, 0.172, 0.048, 0.063, 0.177] [0.019, 0.258, 0.224, 0.017, 0.153, 0.053, 0.078, 0.198]
[0.29758, 0.05519, -0.61974, 0.59482, 0.29134, 0.16487, 0.12902, 0.20447] 0 [0.086, 0.005, 0.384, 0.345, 0.083, 0.029, 0.018, 0.05] [0.1, 0.011, 0.365, 0.319, 0.08, 0.037, 0.023, 0.065]
[0.29758, 0.05519, -0.61974, 0.59482, 0.29134, 0.16487, 0.12902, 0.20447] 1 [0.038, 0.09, 0.004, 0.404, 0.352, 0.075, 0.027, 0.01] [0.059, 0.116, 0.021, 0.355, 0.304, 0.081, 0.033, 0.031]
[0.29758, 0.05519, -0.61974, 0.59482, 0.29134, 0.16487, 0.12902, 0.20447] 2 [0.017, 0.038, 0.088, 0.003, 0.399, 0.351, 0.087, 0.017] [0.042, 0.05, 0.102, 0.022, 0.35, 0.289, 0.111, 0.034]
[0.29758, 0.05519, -0.61974, 0.59482, 0.29134, 0.16487, 0.12902, 0.20447] 3 [0.026, 0.017, 0.042, 0.102, 0.004, 0.373, 0.354, 0.082] [0.031, 0.041, 0.057, 0.077, 0.022, 0.369, 0.311, 0.092]
[0.29758, 0.05519, -0.61974, 0.59482, 0.29134, 0.16487, 0.12902, 0.20447] 4 [0.086, 0.04, 0.012, 0.05, 0.097, 0.002, 0.396, 0.317] [0.098, 0.037, 0.035, 0.061, 0.082, 0.025, 0.329, 0.333]
[0.29758, 0.05519, -0.61974, 0.59482, 0.29134, 0.16487, 0.12902, 0.20447] 5 [0.363, 0.082, 0.021, 0.02, 0.038, 0.108, 0.003, 0.365] [0.33, 0.088, 0.035, 0.039, 0.057, 0.104, 0.022, 0.325]
[0.29758, 0.05519, -0.61974, 0.59482, 0.29134, 0.16487, 0.12902, 0.20447] 6 [0.382, 0.36, 0.091, 0.027, 0.014, 0.041, 0.079, 0.006] [0.377, 0.331, 0.074, 0.033, 0.035, 0.045, 0.095, 0.01]
[0.29758, 0.05519, -0.61974, 0.59482, 0.29134, 0.16487, 0.12902, 0.20447] 7 [0.001, 0.352, 0.387, 0.083, 0.033, 0.015, 0.048, 0.081] [0.024, 0.325, 0.338, 0.093, 0.026, 0.04, 0.058, 0.096]
[0.22869, 0.61512, 0.48752, 0.37461, 0.08764, 0.35029, 0.19539, 0.15089] 0 [0.062, 0.366, 0.249, 0.144, 0.004, 0.113, 0.041, 0.021] [0.055, 0.36, 0.213, 0.141, 0.024, 0.131, 0.038, 0.038]
[0.22869, 0.61512, 0.48752, 0.37461, 0.08764, 0.35029, 0.19539, 0.15089] 1 [0.027, 0.055, 0.361, 0.256, 0.128, 0.008, 0.129, 0.036] [0.032, 0.057, 0.371, 0.224, 0.132, 0.017, 0.126, 0.041]
[0.22869, 0.61512, 0.48752, 0.37461, 0.08764, 0.35029, 0.19539, 0.15089] 2 [0.047, 0.025, 0.061, 0.384, 0.228, 0.138, 0.007, 0.11] [0.048, 0.033, 0.057, 0.351, 0.209, 0.165, 0.019, 0.118]
[0.22869, 0.61512, 0.48752, 0.37461, 0.08764, 0.35029, 0.19539, 0.15089] 3 [0.12, 0.028, 0.022, 0.058, 0.397, 0.229, 0.137, 0.009] [0.126, 0.051, 0.031, 0.072, 0.328, 0.238, 0.124, 0.03]
[0.22869, 0.61512, 0.48752, 0.37461, 0.08764, 0.35029, 0.19539, 0.15089] 4 [0.011, 0.128, 0.037, 0.021, 0.037, 0.392, 0.243, 0.131] [0.033, 0.116, 0.064, 0.047, 0.052, 0.349, 0.194, 0.145]
[0.22869, 0.61512, 0.48752, 0.37461, 0.08764, 0.35029, 0.19539, 0.15089] 5 [0.161, 0.003, 0.109, 0.037, 0.016, 0.052, 0.383, 0.239] [0.145, 0.029, 0.129, 0.047, 0.039, 0.067, 0.32, 0.224]
[0.22869, 0.61512, 0.48752, 0.37461, 0.08764, 0.35029, 0.19539, 0.15089] 6 [0.218, 0.155, 0.007, 0.125, 0.043, 0.029, 0.058, 0.365] [0.227, 0.132, 0.018, 0.14, 0.041, 0.041, 0.072, 0.329]
[0.22869, 0.61512, 0.48752, 0.37461, 0.08764, 0.35029, 0.19539, 0.15089] 7 [0.395, 0.24, 0.136, 0.006, 0.124, 0.039, 0.013, 0.047] [0.317, 0.214, 0.132, 0.035, 0.129, 0.053, 0.056, 0.064]
[0.25277, -0.27121, 0.09277, -0.55742, 0.21667, -0.66342, -0.20343, 0.12154] 0 [0.062, 0.068, 0.011, 0.329, 0.041, 0.44, 0.039, 0.01] [0.064, 0.107, 0.018, 0.31, 0.047, 0.37, 0.049, 0.035]
[0.25277, -0.27121, 0.09277, -0.55742, 0.21667, -0.66342, -0.20343, 0.12154] 1 [0.009, 0.051, 0.076, 0.004, 0.307, 0.05, 0.46, 0.043] [0.038, 0.072, 0.086, 0.019, 0.253, 0.054, 0.428, 0.05]
[0.25277, -0.27121, 0.09277, -0.55742, 0.21667, -0.66342, -0.20343, 0.12154] 2 [0.044, 0.008, 0.072, 0.079, 0.008, 0.305, 0.038, 0.446] [0.052, 0.027, 0.066, 0.093, 0.021, 0.287, 0.062, 0.392]
[0.25277, -0.27121, 0.09277, -0.55742, 0.21667, -0.66342, -0.20343, 0.12154] 3 [0.467, 0.051, 0.018, 0.058, 0.072, 0.007, 0.297, 0.03] [0.381, 0.058, 0.041, 0.063, 0.085, 0.017, 0.282, 0.073]
[0.25277, -0.27121, 0.09277, -0.55742, 0.21667, -0.66342, -0.20343, 0.12154] 4 [0.048, 0.445, 0.05, 0.014, 0.059, 0.066, 0.004, 0.314] [0.053, 0.393, 0.053, 0.03, 0.073, 0.103, 0.028, 0.267]
[0.25277, -0.27121, 0.09277, -0.55742, 0.21667, -0.66342, -0.20343, 0.12154] 5 [0.29, 0.039, 0.439, 0.057, 0.015, 0.073, 0.077, 0.01] [0.3, 0.062, 0.375, 0.049, 0.044, 0.073, 0.079, 0.018]
[0.25277, -0.27121, 0.09277, -0.55742, 0.21667, -0.66342, -0.20343, 0.12154] 6 [0.008, 0.313, 0.052, 0.446, 0.047, 0.015, 0.046, 0.073] [0.021, 0.291, 0.058, 0.406, 0.04, 0.03, 0.071, 0.083]
[0.25277, -0.27121, 0.09277, -0.55742, 0.21667, -0.66342, -0.20343, 0.12154] 7 [0.073, 0.006, 0.326, 0.044, 0.433, 0.033, 0.015, 0.07] [0.091, 0.019, 0.263, 0.063, 0.401, 0.045, 0.047, 0.071]
[0.25986, 0.4713, 0.18323, -0.1827, 0.0296, 0.35736, 0.62415, -0.35392] 0 [0.077, 0.241, 0.028, 0.028, 0, 0.121, 0.394, 0.111] [0.074, 0.192, 0.066, 0.051, 0.022, 0.122, 0.346, 0.127]
[0.25986, 0.4713, 0.18323, -0.1827, 0.0296, 0.35736, 0.62415, -0.35392] 1 [0.127, 0.054, 0.26, 0.026, 0.035, 0.001, 0.116, 0.381] [0.114, 0.062, 0.192, 0.054, 0.049, 0.013, 0.141, 0.375]
[0.25986, 0.4713, 0.18323, -0.1827, 0.0296, 0.35736, 0.62415, -0.35392] 2 [0.382, 0.119, 0.068, 0.226, 0.035, 0.036, 0.004, 0.13] [0.352, 0.117, 0.079, 0.183, 0.051, 0.062, 0.018, 0.138]
[0.25986, 0.4713, 0.18323, -0.1827, 0.0296, 0.35736, 0.62415, -0.35392] 3 [0.12, 0.405, 0.125, 0.064, 0.207, 0.041, 0.035, 0.003] [0.135, 0.35, 0.118, 0.087, 0.202, 0.045, 0.049, 0.014]
[0.25986, 0.4713, 0.18323, -0.1827, 0.0296, 0.35736, 0.62415, -0.35392] 4 [0.001, 0.137, 0.405, 0.129, 0.067, 0.205, 0.027, 0.029] [0.014, 0.127, 0.344, 0.134, 0.08, 0.202, 0.042, 0.057]
[0.25986, 0.4713, 0.18323, -0.1827, 0.0296, 0.35736, 0.62415, -0.35392] 5 [0.031, 0.002, 0.132, 0.362, 0.136, 0.083, 0.223, 0.031] [0.034, 0.016, 0.142, 0.336, 0.131, 0.081, 0.221, 0.039]
[0.25986, 0.4713, 0.18323, -0.1827, 0.0296, 0.35736, 0.62415, -0.35392] 6 [0.042, 0.038, 0.002, 0.139, 0.376, 0.113, 0.076, 0.214] [0.046, 0.035, 0.023, 0.157, 0.35, 0.116, 0.077, 0.196]
[0.25986, 0.4713, 0.18323, -0.1827, 0.0296, 0.35736, 0.62415, -0.35392] 7 [0.213, 0.035, 0.038, 0.003, 0.14, 0.389, 0.113, 0.069] [0.218, 0.05, 0.051, 0.012, 0.141, 0.324, 0.128, 0.076]
[0.62515, -0.21577, 0.18169, 0.50975, -0.07416, -0.3801, 0.29588, 0.17957] 0 [0.383, 0.049, 0.035, 0.281, 0.006, 0.132, 0.08, 0.034] [0.357, 0.065, 0.048, 0.222, 0.032, 0.137, 0.091, 0.048]
[0.62515, -0.21577, 0.18169, 0.50975, -0.07416, -0.3801, 0.29588, 0.17957] 1 [0.035, 0.377, 0.045, 0.023, 0.264, 0.004, 0.156, 0.096] [0.051, 0.357, 0.067, 0.053, 0.231, 0.033, 0.128, 0.08]
[0.62515, -0.21577, 0.18169, 0.50975, -0.07416, -0.3801, 0.29588, 0.17957] 2 [0.081, 0.041, 0.357, 0.058, 0.036, 0.273, 0.007, 0.147] [0.088, 0.053, 0.316, 0.056, 0.056, 0.264, 0.023, 0.144]
[0.62515, -0.21577, 0.18169, 0.50975, -0.07416, -0.3801, 0.29588, 0.17957] 3 [0.147, 0.1, 0.037, 0.364, 0.043, 0.04, 0.262, 0.007] [0.139, 0.09, 0.052, 0.324, 0.062, 0.052, 0.265, 0.016]
[0.62515, -0.21577, 0.18169, 0.50975, -0.07416, -0.3801, 0.29588, 0.17957] 4 [0.003, 0.146, 0.087, 0.038, 0.388, 0.048, 0.039, 0.251] [0.027, 0.135, 0.087, 0.045, 0.317, 0.074, 0.05, 0.265]
[0.62515, -0.21577, 0.18169, 0.50975, -0.07416, -0.3801, 0.29588, 0.17957] 5 [0.243, 0.008, 0.161, 0.091, 0.036, 0.375, 0.046, 0.04] [0.237, 0.026, 0.135, 0.077, 0.067, 0.345, 0.071, 0.042]
[0.62515, -0.21577, 0.18169, 0.50975, -0.07416, -0.3801, 0.29588, 0.17957] 6 [0.036, 0.265, 0.003, 0.151, 0.087, 0.028, 0.392, 0.038] [0.042, 0.234, 0.023, 0.151, 0.09, 0.047, 0.342, 0.071]
[0.62515, -0.21577, 0.18169, 0.50975, -0.07416, -0.3801, 0.29588, 0.17957] 7 [0.042, 0.036, 0.264, 0.004, 0.152, 0.082, 0.04, 0.38] [0.062, 0.047, 0.214, 0.038, 0.14, 0.108, 0.054, 0.337]
[-0.45958, 0.34984, -0.18845, -0.59651, 0.06419, 0.43978, -0.25356, -0.11509] 0 [0.241, 0.101, 0.029, 0.34, 0.004, 0.197, 0.077, 0.011] [0.206, 0.14, 0.048, 0.302, 0.019, 0.203, 0.05, 0.032]
[-0.45958, 0.34984, -0.18845, -0.59651, 0.06419, 0.43978, -0.25356, -0.11509] 1 [0.008, 0.208, 0.138, 0.043, 0.357, 0.005, 0.17, 0.071] [0.034, 0.186, 0.103, 0.044, 0.334, 0.023, 0.19, 0.086]
[-0.45958, 0.34984, -0.18845, -0.59651, 0.06419, 0.43978, -0.25356, -0.11509] 2 [0.064, 0.021, 0.211, 0.115, 0.036, 0.354, 0.006, 0.193] [0.073, 0.034, 0.207, 0.134, 0.051, 0.316, 0.027, 0.158]
[-0.45958, 0.34984, -0.18845, -0.59651, 0.06419, 0.43978, -0.25356, -0.11509] 3 [0.176, 0.07, 0.01, 0.214, 0.126, 0.038, 0.36, 0.006] [0.18, 0.068, 0.03, 0.205, 0.116, 0.047, 0.328, 0.026]
[-0.45958, 0.34984, -0.18845, -0.59651, 0.06419, 0.43978, -0.25356, -0.11509] 4 [0.005, 0.169, 0.074, 0.013, 0.22, 0.108, 0.038, 0.373] [0.018, 0.19, 0.058, 0.035, 0.197, 0.136, 0.052, 0.314]
[-0.45958, 0.34984, -0.18845, -0.59651, 0.06419, 0.43978, -0.25356, -0.11509] 5 [0.348, 0.001, 0.192, 0.071, 0.013, 0.219, 0.121, 0.035] [0.345, 0.017, 0.171, 0.082, 0.027, 0.175, 0.143, 0.04]
[-0.45958, 0.34984, -0.18845, -0.59651, 0.06419, 0.43978, -0.25356, -0.11509] 6 [0.048, 0.383, 0.006, 0.172, 0.048, 0.012, 0.208, 0.123] [0.051, 0.337, 0.021, 0.167, 0.076, 0.02, 0.212, 0.116]
[-0.45958, 0.34984, -0.18845, -0.59651, 0.06419, 0.43978, -0.25356, -0.11509] 7 [0.119, 0.036, 0.368, 0.004, 0.196, 0.058, 0.014, 0.205] [0.117, 0.055, 0.324, 0.025, 0.177, 0.077, 0.029, 0.196]
[0.04013, -0.30561, -0.25244, -0.19144, -0.29581, -0.27315, -0.46185, 0.65513] 0 [0.002, 0.082, 0.066, 0.037, 0.081, 0.07, 0.208, 0.454] [0.01, 0.105, 0.072, 0.054, 0.097, 0.082, 0.201, 0.379]
[0.04013, -0.30561, -0.25244, -0.19144, -0.29581, -0.27315, -0.46185, 0.65513] 1 [0.426, 0.003, 0.096, 0.07, 0.042, 0.087, 0.075, 0.201] [0.398, 0.016, 0.104, 0.08, 0.058, 0.097, 0.072, 0.175]
[0.04013, -0.30561, -0.25244, -0.19144, -0.29581, -0.27315, -0.46185, 0.65513] 2 [0.218, 0.423, 0, 0.093, 0.067, 0.044, 0.083, 0.072] [0.217, 0.382, 0.018, 0.098, 0.065, 0.046, 0.103, 0.071]
[0.04013, -0.30561, -0.25244, -0.19144, -0.29581, -0.27315, -0.46185, 0.65513] 3 [0.075, 0.217, 0.433, 0.001, 0.097, 0.063, 0.035, 0.079] [0.088, 0.195, 0.383, 0.019, 0.095, 0.065, 0.062, 0.093]
[0.04013, -0.30561, -0.25244, -0.19144, -0.29581, -0.27315, -0.46185, 0.65513] 4 [0.095, 0.067, 0.215, 0.44, 0.003, 0.079, 0.056, 0.045] [0.098, 0.092, 0.193, 0.394, 0.017, 0.098, 0.054, 0.054]
[0.04013, -0.30561, -0.25244, -0.19144, -0.29581, -0.27315, -0.46185, 0.65513] 5 [0.037, 0.096, 0.093, 0.215, 0.406, 0.004, 0.084, 0.065] [0.04, 0.102, 0.079, 0.205, 0.391, 0.015, 0.101, 0.067]
[0.04013, -0.30561, -0.25244, -0.19144, -0.29581, -0.27315, -0.46185, 0.65513] 6 [0.065, 0.026, 0.083, 0.076, 0.203, 0.444, 0.001, 0.102] [0.078, 0.053, 0.073, 0.077, 0.194, 0.402, 0.022, 0.101]
[0.04013, -0.30561, -0.25244, -0.19144, -0.29581, -0.27315, -0.46185, 0.65513] 7 [0.087, 0.063, 0.041, 0.09, 0.083, 0.21, 0.422, 0.004] [0.094, 0.084, 0.064, 0.09, 0.081, 0.207, 0.365, 0.015]
[-0.50791, -0.36756, -0.22311, 0.5132, 0.4877, -0.121, 0.01745, 0.20245] 0 [0.246, 0.141, 0.036, 0.282, 0.238, 0.016, 0.002, 0.039] [0.229, 0.128, 0.063, 0.253, 0.225, 0.04, 0.015, 0.047]
[-0.50791, -0.36756, -0.22311, 0.5132, 0.4877, -0.121, 0.01745, 0.20245] 1 [0.035, 0.255, 0.13, 0.05, 0.284, 0.224, 0.022, 0] [0.061, 0.252, 0.126, 0.048, 0.237, 0.227, 0.031, 0.018]
[-0.50791, -0.36756, -0.22311, 0.5132, 0.4877, -0.121, 0.01745, 0.20245] 2 [0.001, 0.04, 0.257, 0.113, 0.054, 0.262, 0.257, 0.016] [0.013, 0.062, 0.243, 0.149, 0.061, 0.224, 0.213, 0.035]
[-0.50791, -0.36756, -0.22311, 0.5132, 0.4877, -0.121, 0.01745, 0.20245] 3 [0.02, 0, 0.052, 0.26, 0.135, 0.045, 0.258, 0.23] [0.036, 0.016, 0.051, 0.257, 0.127, 0.067, 0.229, 0.217]
[-0.50791, -0.36756, -0.22311, 0.5132, 0.4877, -0.121, 0.01745, 0.20245] 4 [0.244, 0.014, 0, 0.044, 0.258, 0.139, 0.051, 0.25] [0.221, 0.034, 0.008, 0.057, 0.252, 0.12, 0.059, 0.249]
[-0.50791, -0.36756, -0.22311, 0.5132, 0.4877, -0.121, 0.01745, 0.20245] 5 [0.259, 0.254, 0.01, 0, 0.035, 0.258, 0.124, 0.06] [0.229, 0.228, 0.031, 0.012, 0.072, 0.243, 0.125, 0.06]
[-0.50791, -0.36756, -0.22311, 0.5132, 0.4877, -0.121, 0.01745, 0.20245] 6 [0.063, 0.241, 0.233, 0.023, 0, 0.05, 0.254, 0.136] [0.045, 0.252, 0.226, 0.023, 0.011, 0.06, 0.251, 0.132]
[-0.50791, -0.36756, -0.22311, 0.5132, 0.4877, -0.121, 0.01745, 0.20245] 7 [0.115, 0.047, 0.27, 0.259, 0.015, 0.001, 0.034, 0.259] [0.127, 0.063, 0.24, 0.226, 0.025, 0.018, 0.05, 0.251]
[0.06978, -0.33074, -0.33492, -0.02226, -0.35676, 0.55258, 0.45993, -0.35905] 0 [0.01, 0.103, 0.113, 0, 0.137, 0.294, 0.215, 0.128] [0.021, 0.114, 0.103, 0.022, 0.118, 0.287, 0.214, 0.121]
[0.06978, -0.33074, -0.33492, -0.02226, -0.35676, 0.55258, 0.45993, -0.35905] 1 [0.129, 0.004, 0.096, 0.123, 0, 0.121, 0.322, 0.205] [0.118, 0.019, 0.099, 0.13, 0.019, 0.128, 0.282, 0.205]
[0.06978, -0.33074, -0.33492, -0.02226, -0.35676, 0.55258, 0.45993, -0.35905] 2 [0.209, 0.134, 0.007, 0.114, 0.109, 0.001, 0.131, 0.295] [0.197, 0.108, 0.031, 0.127, 0.104, 0.015, 0.142, 0.276]
[0.06978, -0.33074, -0.33492, -0.02226, -0.35676, 0.55258, 0.45993, -0.35905] 3 [0.319, 0.192, 0.139, 0.002, 0.105, 0.116, 0.001, 0.126] [0.268, 0.189, 0.137, 0.011, 0.122, 0.106, 0.025, 0.142]
[0.06978, -0.33074, -0.33492, -0.02226, -0.35676, 0.55258, 0.45993, -0.35905] 4 [0.136, 0.303, 0.23, 0.136, 0.003, 0.104, 0.088, 0] [0.13, 0.293, 0.206, 0.117, 0.02, 0.101, 0.116, 0.017]
[0.06978, -0.33074, -0.33492, -0.02226, -0.35676, 0.55258, 0.45993, -0.35905] 5 [0, 0.141, 0.303, 0.193, 0.146, 0.007, 0.11, 0.1] [0.019, 0.122, 0.268, 0.204, 0.138, 0.019, 0.096, 0.134]
[0.06978, -0.33074, -0.33492, -0.02226, -0.35676, 0.55258, 0.45993, -0.35905] 6 [0.11, 0, 0.14, 0.321, 0.224, 0.103, 0.003, 0.099] [0.107, 0.018, 0.129, 0.294, 0.211, 0.12, 0.023, 0.098]
[0.06978, -0.33074, -0.33492, -0.02226, -0.35676, 0.55258, 0.45993, -0.35905] 7 [0.114, 0.113, 0, 0.133, 0.289, 0.219, 0.125, 0.007] [0.123, 0.134, 0.016, 0.121, 0.25, 0.21, 0.12, 0.026]
[0.18713, 0.40232, 0.23642, 0.47419, -0.2827, 0.29946, 0.15138, 0.57434] 0 [0.033, 0.165, 0.059, 0.233, 0.083, 0.085, 0.015, 0.327] [0.043, 0.156, 0.06, 0.246, 0.098, 0.089, 0.04, 0.268]
[0.18713, 0.40232, 0.23642, 0.47419, -0.2827, 0.29946, 0.15138, 0.57434] 1 [0.319, 0.031, 0.174, 0.053, 0.232, 0.077, 0.097, 0.017] [0.302, 0.06, 0.149, 0.054, 0.235, 0.071, 0.097, 0.032]
[0.18713, 0.40232, 0.23642, 0.47419, -0.2827, 0.29946, 0.15138, 0.57434] 2 [0.018, 0.325, 0.04, 0.162, 0.056, 0.218, 0.093, 0.088] [0.025, 0.316, 0.049, 0.159, 0.048, 0.211, 0.084, 0.108]
[0.18713, 0.40232, 0.23642, 0.47419, -0.2827, 0.29946, 0.15138, 0.57434] 3 [0.093, 0.019, 0.303, 0.043, 0.161, 0.052, 0.247, 0.082] [0.11, 0.022, 0.271, 0.057, 0.17, 0.059, 0.227, 0.084]
[0.18713, 0.40232, 0.23642, 0.47419, -0.2827, 0.29946, 0.15138, 0.57434] 4 [0.096, 0.064, 0.021, 0.344, 0.026, 0.176, 0.058, 0.215] [0.087, 0.097, 0.043, 0.296, 0.036, 0.15, 0.075, 0.216]
[0.18713, 0.40232, 0.23642, 0.47419, -0.2827, 0.29946, 0.15138, 0.57434] 5 [0.234, 0.076, 0.081, 0.022, 0.344, 0.032, 0.157, 0.054] [0.208, 0.089, 0.097, 0.036, 0.289, 0.043, 0.176, 0.062]
[0.18713, 0.40232, 0.23642, 0.47419, -0.2827, 0.29946, 0.15138, 0.57434] 6 [0.062, 0.231, 0.07, 0.094, 0.022, 0.315, 0.029, 0.177] [0.058, 0.218, 0.067, 0.097, 0.031, 0.323, 0.037, 0.169]
[0.18713, 0.40232, 0.23642, 0.47419, -0.2827, 0.29946, 0.15138, 0.57434] 7 [0.155, 0.065, 0.23, 0.073, 0.083, 0.023, 0.34, 0.031] [0.162, 0.056, 0.235, 0.07, 0.094, 0.032, 0.313, 0.038]
[-0.37045, 0.5896, 0.28316, -0.32554, 0.48158, 0.15529, -0.15709, -0.21971] 0 [0.137, 0.368, 0.085, 0.088, 0.227, 0.028, 0.021, 0.046] [0.169, 0.29, 0.07, 0.108, 0.208, 0.04, 0.048, 0.067]
[-0.37045, 0.5896, 0.28316, -0.32554, 0.48158, 0.15529, -0.15709, -0.21971] 1 [0.056, 0.124, 0.387, 0.067, 0.1, 0.206, 0.031, 0.029] [0.075, 0.121, 0.321, 0.087, 0.097, 0.211, 0.048, 0.04]
[-0.37045, 0.5896, 0.28316, -0.32554, 0.48158, 0.15529, -0.15709, -0.21971] 2 [0.02, 0.05, 0.132, 0.387, 0.071, 0.107, 0.212, 0.021] [0.038, 0.054, 0.149, 0.283, 0.086, 0.115, 0.234, 0.041]
[-0.37045, 0.5896, 0.28316, -0.32554, 0.48158, 0.15529, -0.15709, -0.21971] 3 [0.028, 0.026, 0.053, 0.135, 0.322, 0.086, 0.094, 0.256] [0.047, 0.04, 0.056, 0.125, 0.307, 0.093, 0.125, 0.207]
[-0.37045, 0.5896, 0.28316, -0.32554, 0.48158, 0.15529, -0.15709, -0.21971] 4 [0.239, 0.023, 0.022, 0.038, 0.148, 0.353, 0.074, 0.103] [0.217, 0.05, 0.041, 0.05, 0.15, 0.307, 0.085, 0.1]
[-0.37045, 0.5896, 0.28316, -0.32554, 0.48158, 0.15529, -0.15709, -0.21971] 5 [0.11, 0.213, 0.028, 0.028, 0.051, 0.121, 0.361, 0.088] [0.121, 0.225, 0.039, 0.043, 0.067, 0.133, 0.299, 0.073]
[-0.37045, 0.5896, 0.28316, -0.32554, 0.48158, 0.15529, -0.15709, -0.21971] 6 [0.071, 0.11, 0.232, 0.021, 0.02, 0.042, 0.145, 0.359] [0.091, 0.09, 0.234, 0.052, 0.049, 0.06, 0.134, 0.29]
[-0.37045, 0.5896, 0.28316, -0.32554, 0.48158, 0.15529, -0.15709, -0.21971] 7 [0.35, 0.066, 0.109, 0.241, 0.021, 0.028, 0.048, 0.137] [0.32, 0.092, 0.095, 0.224, 0.036, 0.04, 0.052, 0.141]
[-0.38441, 0.03888, -0.17825, -0.0992, -0.39348, 0.72066, 0.0112, 0.36715] 0 [0.14, 0.003, 0.031, 0.013, 0.167, 0.532, 0, 0.114] [0.154, 0.026, 0.033, 0.028, 0.163, 0.447, 0.012, 0.137]
[-0.38441, 0.03888, -0.17825, -0.0992, -0.39348, 0.72066, 0.0112, 0.36715] 1 [0.129, 0.151, 0.001, 0.033, 0.011, 0.154, 0.521, 0] [0.128, 0.124, 0.026, 0.024, 0.031, 0.166, 0.486, 0.015]
[-0.38441, 0.03888, -0.17825, -0.0992, -0.39348, 0.72066, 0.0112, 0.36715] 2 [0, 0.112, 0.14, 0.001, 0.029, 0.016, 0.164, 0.538] [0.012, 0.125, 0.139, 0.027, 0.041, 0.034, 0.173, 0.449]
[-0.38441, 0.03888, -0.17825, -0.0992, -0.39348, 0.72066, 0.0112, 0.36715] 3 [0.516, 0, 0.135, 0.127, 0.001, 0.03, 0.008, 0.183] [0.462, 0.02, 0.126, 0.154, 0.026, 0.036, 0.028, 0.148]
[-0.38441, 0.03888, -0.17825, -0.0992, -0.39348, 0.72066, 0.0112, 0.36715] 4 [0.159, 0.526, 0, 0.13, 0.139, 0.001, 0.032, 0.013] [0.151, 0.456, 0.015, 0.14, 0.133, 0.037, 0.037, 0.031]
[-0.38441, 0.03888, -0.17825, -0.0992, -0.39348, 0.72066, 0.0112, 0.36715] 5 [0.008, 0.15, 0.52, 0, 0.142, 0.147, 0.001, 0.032] [0.028, 0.143, 0.481, 0.022, 0.117, 0.149, 0.022, 0.038]
[-0.38441, 0.03888, -0.17825, -0.0992, -0.39348, 0.72066, 0.0112, 0.36715] 6 [0.031, 0.004, 0.151, 0.54, 0, 0.135, 0.138, 0.001] [0.046, 0.027, 0.172, 0.449, 0.008, 0.127, 0.143, 0.028]
[-0.38441, 0.03888, -0.17825, -0.0992, -0.39348, 0.72066, 0.0112, 0.36715] 7 [0, 0.029, 0.008, 0.162, 0.5, 0, 0.15, 0.151] [0.032, 0.037, 0.028, 0.15, 0.464, 0.018, 0.13, 0.141]
[-0.05602, 0.43147, 0.40762, -0.0766, -0.23787, -0.3836, -0.65423, -0.08319] 0 [0.001, 0.173, 0.171, 0.008, 0.05, 0.173, 0.418, 0.006] [0.018, 0.166, 0.18, 0.021, 0.073, 0.13, 0.388, 0.024]
[-0.05602, 0.43147, 0.40762, -0.0766, -0.23787, -0.3836, -0.65423, -0.08319] 1 [0.009, 0.003, 0.186, 0.154, 0.007, 0.059, 0.149, 0.433] [0.021, 0.027, 0.17, 0.169, 0.031, 0.074, 0.149, 0.359]
[-0.05602, 0.43147, 0.40762, -0.0766, -0.23787, -0.3836, -0.65423, -0.08319] 2 [0.428, 0.007, 0.003, 0.192, 0.162, 0.004, 0.049, 0.155] [0.373, 0.026, 0.033, 0.158, 0.177, 0.021, 0.061, 0.151]
[-0.05602, 0.43147, 0.40762, -0.0766, -0.23787, -0.3836, -0.65423, -0.08319] 3 [0.167, 0.432, 0.01, 0.004, 0.174, 0.164, 0.004, 0.045] [0.167, 0.345, 0.026, 0.014, 0.182, 0.184, 0.021, 0.061]
[-0.05602, 0.43147, 0.40762, -0.0766, -0.23787, -0.3836, -0.65423, -0.08319] 4 [0.055, 0.148, 0.421, 0.007, 0.004, 0.188, 0.17, 0.007] [0.069, 0.141, 0.388, 0.024, 0.014, 0.185, 0.165, 0.014]
[-0.05602, 0.43147, 0.40762, -0.0766, -0.23787, -0.3836, -0.65423, -0.08319] 5 [0.007, 0.057, 0.149, 0.42, 0.009, 0.001, 0.195, 0.162] [0.014, 0.059, 0.155, 0.402, 0.024, 0.011, 0.157, 0.178]
[-0.05602, 0.43147, 0.40762, -0.0766, -0.23787, -0.3836, -0.65423, -0.08319] 6 [0.166, 0.004, 0.062, 0.142, 0.416, 0.007, 0.003, 0.2] [0.18, 0.022, 0.066, 0.143, 0.374, 0.022, 0.031, 0.162]
[-0.05602, 0.43147, 0.40762, -0.0766, -0.23787, -0.3836, -0.65423, -0.08319] 7 [0.182, 0.145, 0.004, 0.065, 0.143, 0.446, 0.012, 0.003] [0.169, 0.143, 0.016, 0.063, 0.171, 0.401, 0.022, 0.015]
[0.248, -0.29609, 0.2719, -0.60084, -0.22827, 0.4601, 0.3511, -0.16977] 0 [0.057, 0.088, 0.067, 0.383, 0.055, 0.209, 0.119, 0.022] [0.067, 0.101, 0.079, 0.347, 0.05, 0.205, 0.107, 0.044]
[0.248, -0.29609, 0.2719, -0.60084, -0.22827, 0.4601, 0.3511, -0.16977] 1 [0.027, 0.063, 0.091, 0.064, 0.345, 0.056, 0.229, 0.125] [0.039, 0.066, 0.1, 0.072, 0.331, 0.077, 0.192, 0.123]
[0.248, -0.29609, 0.2719, -0.60084, -0.22827, 0.4601, 0.3511, -0.16977] 2 [0.132, 0.029, 0.06, 0.083, 0.051, 0.368, 0.06, 0.217] [0.138, 0.043, 0.067, 0.101, 0.079, 0.335, 0.045, 0.192]
[0.248, -0.29609, 0.2719, -0.60084, -0.22827, 0.4601, 0.3511, -0.16977] 3 [0.228, 0.124, 0.024, 0.052, 0.083, 0.077, 0.371, 0.041] [0.197, 0.133, 0.046, 0.065, 0.093, 0.074, 0.32, 0.072]
[0.248, -0.29609, 0.2719, -0.60084, -0.22827, 0.4601, 0.3511, -0.16977] 4 [0.054, 0.21, 0.134, 0.031, 0.052, 0.082, 0.07, 0.367] [0.067, 0.2, 0.136, 0.049, 0.071, 0.094, 0.074, 0.309]
[0.248, -0.29609, 0.2719, -0.60084, -0.22827, 0.4601, 0.3511, -0.16977] 5 [0.346, 0.077, 0.218, 0.124, 0.032, 0.06, 0.076, 0.067] [0.341, 0.055, 0.195, 0.136, 0.042, 0.05, 0.097, 0.084]
[0.248, -0.29609, 0.2719, -0.60084, -0.22827, 0.4601, 0.3511, -0.16977] 6 [0.073, 0.377, 0.044, 0.204, 0.126, 0.028, 0.058, 0.09] [0.074, 0.324, 0.058, 0.217, 0.124, 0.046, 0.06, 0.097]
[0.248, -0.29609, 0.2719, -0.60084, -0.22827, 0.4601, 0.3511, -0.16977] 7 [0.091, 0.071, 0.356, 0.052, 0.222, 0.114, 0.032, 0.062] [0.106, 0.083, 0.307, 0.06, 0.209, 0.125, 0.041, 0.069]
[0.23027, -0.77584, 0.45001, 0.13351, -0.20238, 0.21286, -0.1191, -0.15574] 0 [0.047, 0.59, 0.2, 0.021, 0.046, 0.05, 0.022, 0.024] [0.065, 0.536, 0.191, 0.032, 0.044, 0.078, 0.017, 0.037]
[0.23027, -0.77584, 0.45001, 0.13351, -0.20238, 0.21286, -0.1191, -0.15574] 1 [0.027, 0.049, 0.623, 0.191, 0.015, 0.036, 0.045, 0.014] [0.05, 0.071, 0.511, 0.195, 0.04, 0.037, 0.07, 0.026]
[0.23027, -0.77584, 0.45001, 0.13351, -0.20238, 0.21286, -0.1191, -0.15574] 2 [0.01, 0.024, 0.062, 0.589, 0.205, 0.017, 0.039, 0.054] [0.026, 0.036, 0.071, 0.528, 0.175, 0.048, 0.05, 0.066]
[0.23027, -0.77584, 0.45001, 0.13351, -0.20238, 0.21286, -0.1191, -0.15574] 3 [0.058, 0.013, 0.022, 0.053, 0.594, 0.207, 0.013, 0.04] [0.071, 0.027, 0.035, 0.057, 0.53, 0.201, 0.038, 0.041]
[0.23027, -0.77584, 0.45001, 0.13351, -0.20238, 0.21286, -0.1191, -0.15574] 4 [0.038, 0.047, 0.019, 0.018, 0.04, 0.624, 0.196, 0.018] [0.047, 0.072, 0.023, 0.03, 0.064, 0.528, 0.203, 0.033]
[0.23027, -0.77584, 0.45001, 0.13351, -0.20238, 0.21286, -0.1191, -0.15574] 5 [0.024, 0.043, 0.046, 0.017, 0.017, 0.055, 0.593, 0.205] [0.035, 0.043, 0.068, 0.043, 0.038, 0.068, 0.511, 0.194]
[0.23027, -0.77584, 0.45001, 0.13351, -0.20238, 0.21286, -0.1191, -0.15574] 6 [0.223, 0.023, 0.048, 0.039, 0.021, 0.024, 0.049, 0.573] [0.183, 0.024, 0.07, 0.066, 0.029, 0.039, 0.083, 0.506]
[0.23027, -0.77584, 0.45001, 0.13351, -0.20238, 0.21286, -0.1191, -0.15574] 7 [0.601, 0.222, 0.011, 0.044, 0.04, 0.013, 0.021, 0.048] [0.557, 0.191, 0.034, 0.046, 0.057, 0.028, 0.026, 0.061]
[-0.71591, -0.23348, -0.27023, -0.56831, -0.11907, -0.01774, 0.00136, -0.14988] 0 [0.496, 0.06, 0.079, 0.323, 0.016, 0, 0, 0.026] [0.475, 0.061, 0.1, 0.281, 0.026, 0.011, 0.015, 0.031]
[-0.71591, -0.23348, -0.27023, -0.56831, -0.11907, -0.01774, 0.00136, -0.14988] 1 [0.024, 0.521, 0.062, 0.061, 0.323, 0.009, 0, 0] [0.06, 0.431, 0.054, 0.081, 0.305, 0.045, 0.009, 0.015]
[-0.71591, -0.23348, -0.27023, -0.56831, -0.11907, -0.01774, 0.00136, -0.14988] 2 [0, 0.022, 0.51, 0.051, 0.067, 0.336, 0.012, 0.002] [0.017, 0.028, 0.465, 0.073, 0.064, 0.298, 0.038, 0.017]
[-0.71591, -0.23348, -0.27023, -0.56831, -0.11907, -0.01774, 0.00136, -0.14988] 3 [0, 0, 0.019, 0.519, 0.055, 0.074, 0.316, 0.017] [0.011, 0.022, 0.048, 0.423, 0.067, 0.082, 0.309, 0.038]
[-0.71591, -0.23348, -0.27023, -0.56831, -0.11907, -0.01774, 0.00136, -0.14988] 4 [0.01, 0, 0, 0.021, 0.5, 0.053, 0.069, 0.347] [0.043, 0.019, 0.017, 0.031, 0.453, 0.07, 0.07, 0.297]
[-0.71591, -0.23348, -0.27023, -0.56831, -0.11907, -0.01774, 0.00136, -0.14988] 5 [0.337, 0.006, 0, 0, 0.023, 0.518, 0.058, 0.058] [0.299, 0.044, 0.008, 0.016, 0.042, 0.444, 0.049, 0.098]
[-0.71591, -0.23348, -0.27023, -0.56831, -0.11907, -0.01774, 0.00136, -0.14988] 6 [0.074, 0.325, 0.014, 0, 0, 0.026, 0.498, 0.063] [0.092, 0.279, 0.041, 0.026, 0.014, 0.036, 0.441, 0.071]
[-0.71591, -0.23348, -0.27023, -0.56831, -0.11907, -0.01774, 0.00136, -0.14988] 7 [0.058, 0.075, 0.362, 0.018, 0, 0, 0.019, 0.468] [0.059, 0.07, 0.325, 0.036, 0.008, 0.017, 0.048, 0.437]
[-0.06733, 0.0039, 0.30291, -0.30986, -0.69991, -0.49369, 0.11658, -0.24592] 0 [0, 0, 0.096, 0.105, 0.493, 0.232, 0.012, 0.062] [0.039, 0.02, 0.091, 0.091, 0.424, 0.249, 0.023, 0.063]
[-0.06733, 0.0039, 0.30291, -0.30986, -0.69991, -0.49369, 0.11658, -0.24592] 1 [0.074, 0.002, 0, 0.09, 0.112, 0.483, 0.233, 0.006] [0.064, 0.019, 0.028, 0.091, 0.109, 0.448, 0.209, 0.032]
[-0.06733, 0.0039, 0.30291, -0.30986, -0.69991, -0.49369, 0.11658, -0.24592] 2 [0.016, 0.062, 0.004, 0, 0.097, 0.1, 0.48, 0.241] [0.035, 0.053, 0.038, 0.015, 0.092, 0.106, 0.441, 0.22]
[-0.06733, 0.0039, 0.30291, -0.30986, -0.69991, -0.49369, 0.11658, -0.24592] 3 [0.208, 0.014, 0.052, 0.002, 0, 0.105, 0.074, 0.545] [0.214, 0.023, 0.074, 0.035, 0.018, 0.095, 0.084, 0.457]
[-0.06733, 0.0039, 0.30291, -0.30986, -0.69991, -0.49369, 0.11658, -0.24592] 4 [0.493, 0.221, 0.016, 0.063, 0.004, 0, 0.089, 0.114] [0.454, 0.205, 0.036, 0.062, 0.025, 0.018, 0.106, 0.094]
[-0.06733, 0.0039, 0.30291, -0.30986, -0.69991, -0.49369, 0.11658, -0.24592] 5 [0.118, 0.475, 0.239, 0.013, 0.055, 0.002, 0, 0.098] [0.118, 0.439, 0.21, 0.033, 0.067, 0.024, 0.023, 0.086]
[-0.06733, 0.0039, 0.30291, -0.30986, -0.69991, -0.49369, 0.11658, -0.24592] 6 [0.078, 0.098, 0.518, 0.226, 0.011, 0.065, 0.004, 0] [0.096, 0.105, 0.378, 0.25, 0.031, 0.075, 0.044, 0.021]
[-0.06733, 0.0039, 0.30291, -0.30986, -0.69991, -0.49369, 0.11658, -0.24592] 7 [0, 0.081, 0.101, 0.507, 0.232, 0.011, 0.065, 0.003] [0.023, 0.096, 0.089, 0.424, 0.225, 0.037, 0.077, 0.029]
[-0.5039, -0.64944, -0.08001, -0.17849, 0.14245, -0.34378, -0.27093, 0.27236] 0 [0.267, 0.431, 0.002, 0.036, 0.017, 0.118, 0.064, 0.065] [0.225, 0.374, 0.02, 0.056, 0.045, 0.134, 0.071, 0.075]
[-0.5039, -0.64944, -0.08001, -0.17849, 0.14245, -0.34378, -0.27093, 0.27236] 1 [0.075, 0.241, 0.428, 0.006, 0.032, 0.033, 0.114, 0.071] [0.097, 0.261, 0.366, 0.019, 0.042, 0.031, 0.111, 0.073]
[-0.5039, -0.64944, -0.08001, -0.17849, 0.14245, -0.34378, -0.27093, 0.27236] 2 [0.087, 0.066, 0.26, 0.417, 0.007, 0.037, 0.014, 0.112] [0.08, 0.08, 0.232, 0.411, 0.014, 0.041, 0.027, 0.115]
[-0.5039, -0.64944, -0.08001, -0.17849, 0.14245, -0.34378, -0.27093, 0.27236] 3 [0.099, 0.074, 0.076, 0.25, 0.442, 0.01, 0.029, 0.02] [0.118, 0.073, 0.091, 0.23, 0.379, 0.027, 0.045, 0.037]
[-0.5039, -0.64944, -0.08001, -0.17849, 0.14245, -0.34378, -0.27093, 0.27236] 4 [0.019, 0.129, 0.086, 0.072, 0.222, 0.442, 0.003, 0.027] [0.04, 0.133, 0.061, 0.078, 0.241, 0.371, 0.024, 0.052]
[-0.5039, -0.64944, -0.08001, -0.17849, 0.14245, -0.34378, -0.27093, 0.27236] 5 [0.032, 0.017, 0.124, 0.089, 0.07, 0.24, 0.425, 0.003] [0.037, 0.041, 0.154, 0.065, 0.082, 0.228, 0.369, 0.024]
[-0.5039, -0.64944, -0.08001, -0.17849, 0.14245, -0.34378, -0.27093, 0.27236] 6 [0.004, 0.023, 0.025, 0.122, 0.059, 0.072, 0.256, 0.439] [0.016, 0.043, 0.048, 0.128, 0.06, 0.096, 0.231, 0.378]
[-0.5039, -0.64944, -0.08001, -0.17849, 0.14245, -0.34378, -0.27093, 0.27236] 7 [0.424, 0.005, 0.033, 0.022, 0.116, 0.079, 0.073, 0.248] [0.365, 0.028, 0.031, 0.038, 0.137, 0.075, 0.084, 0.242]
[0.23243, 0.0064, -0.09584, 0.07801, 0.13066, -0.51435, 0.80563, 0.00227] 0 [0.043, 0, 0.011, 0.001, 0.029, 0.277, 0.639, 0] [0.064, 0.013, 0.046, 0.018, 0.029, 0.249, 0.548, 0.033]
[0.23243, 0.0064, -0.09584, 0.07801, 0.13066, -0.51435, 0.80563, 0.00227] 1 [0, 0.063, 0, 0.008, 0.006, 0.023, 0.273, 0.627] [0.016, 0.056, 0.009, 0.043, 0.013, 0.038, 0.247, 0.578]
[0.23243, 0.0064, -0.09584, 0.07801, 0.13066, -0.51435, 0.80563, 0.00227] 2 [0.657, 0, 0.056, 0, 0.006, 0.006, 0.021, 0.254] [0.543, 0.023, 0.07, 0.018, 0.032, 0.02, 0.042, 0.252]
[0.23243, 0.0064, -0.09584, 0.07801, 0.13066, -0.51435, 0.80563, 0.00227] 3 [0.253, 0.649, 0, 0.072, 0, 0.01, 0.005, 0.011] [0.232, 0.564, 0.032, 0.05, 0.023, 0.049, 0.013, 0.037]
[0.23243, 0.0064, -0.09584, 0.07801, 0.13066, -0.51435, 0.80563, 0.00227] 4 [0.02, 0.256, 0.668, 0, 0.043, 0, 0.007, 0.006] [0.046, 0.235, 0.575, 0.025, 0.058, 0.008, 0.033, 0.02]
[0.23243, 0.0064, -0.09584, 0.07801, 0.13066, -0.51435, 0.80563, 0.00227] 5 [0.013, 0.012, 0.272, 0.64, 0, 0.054, 0, 0.009] [0.02, 0.044, 0.247, 0.556, 0.017, 0.062, 0.013, 0.041]
[0.23243, 0.0064, -0.09584, 0.07801, 0.13066, -0.51435, 0.80563, 0.00227] 6 [0.006, 0.004, 0.019, 0.286, 0.634, 0, 0.051, 0] [0.043, 0.024, 0.035, 0.232, 0.578, 0.019, 0.057, 0.012]
[0.23243, 0.0064, -0.09584, 0.07801, 0.13066, -0.51435, 0.80563, 0.00227] 7 [0, 0.01, 0.002, 0.023, 0.243, 0.669, 0, 0.053] [0.018, 0.022, 0.018, 0.034, 0.265, 0.552, 0.025, 0.066]
[-0.08768, 0.10474, 0.60339, -0.00064, -0.00551, 0.60833, -0.46779, 0.16838] 0 [0.009, 0.013, 0.388, 0, 0, 0.35, 0.22, 0.02] [0.03, 0.027, 0.332, 0.01, 0.026, 0.313, 0.218, 0.044]
[-0.08768, 0.10474, 0.60339, -0.00064, -0.00551, 0.60833, -0.46779, 0.16838] 1 [0.027, 0.006, 0.007, 0.377, 0, 0, 0.361, 0.222] [0.046, 0.024, 0.031, 0.329, 0.023, 0.018, 0.295, 0.234]
[-0.08768, 0.10474, 0.60339, -0.00064, -0.00551, 0.60833, -0.46779, 0.16838] 2 [0.229, 0.026, 0.011, 0.006, 0.361, 0, 0, 0.367] [0.213, 0.037, 0.032, 0.031, 0.33, 0.022, 0.025, 0.31]
[-0.08768, 0.10474, 0.60339, -0.00064, -0.00551, 0.60833, -0.46779, 0.16838] 3 [0.343, 0.222, 0.029, 0.007, 0.015, 0.384, 0, 0] [0.329, 0.225, 0.044, 0.018, 0.031, 0.312, 0.019, 0.022]
[-0.08768, 0.10474, 0.60339, -0.00064, -0.00551, 0.60833, -0.46779, 0.16838] 4 [0, 0.386, 0.208, 0.032, 0.009, 0.013, 0.352, 0] [0.021, 0.329, 0.209, 0.046, 0.027, 0.021, 0.333, 0.014]
[-0.08768, 0.10474, 0.60339, -0.00064, -0.00551, 0.60833, -0.46779, 0.16838] 5 [0, 0, 0.373, 0.219, 0.023, 0.005, 0.011, 0.369] [0.02, 0.026, 0.358, 0.184, 0.041, 0.034, 0.032, 0.305]
[-0.08768, 0.10474, 0.60339, -0.00064, -0.00551, 0.60833, -0.46779, 0.16838] 6 [0.383, 0, 0, 0.355, 0.213, 0.033, 0.006, 0.01] [0.307, 0.024, 0.032, 0.326, 0.227, 0.041, 0.027, 0.016]
[-0.08768, 0.10474, 0.60339, -0.00064, -0.00551, 0.60833, -0.46779, 0.16838] 7 [0.016, 0.353, 0, 0, 0.361, 0.232, 0.029, 0.009] [0.026, 0.352, 0.022, 0.018, 0.317, 0.208, 0.036, 0.021]
[0.63635, 0.12559, 0.46327, 0.10367, 0.21817, -0.44719, -0.28707, -0.15469] 0 [0.389, 0.015, 0.24, 0.012, 0.041, 0.192, 0.085, 0.026] [0.366, 0.038, 0.199, 0.019, 0.069, 0.174, 0.098, 0.037]
[0.63635, 0.12559, 0.46327, 0.10367, 0.21817, -0.44719, -0.28707, -0.15469] 1 [0.023, 0.412, 0.015, 0.224, 0.016, 0.044, 0.183, 0.083] [0.038, 0.361, 0.04, 0.222, 0.029, 0.058, 0.167, 0.085]
[0.63635, 0.12559, 0.46327, 0.10367, 0.21817, -0.44719, -0.28707, -0.15469] 2 [0.08, 0.023, 0.412, 0.021, 0.21, 0.011, 0.031, 0.212] [0.09, 0.037, 0.374, 0.033, 0.21, 0.028, 0.056, 0.172]
[0.63635, 0.12559, 0.46327, 0.10367, 0.21817, -0.44719, -0.28707, -0.15469] 3 [0.198, 0.085, 0.029, 0.405, 0.018, 0.202, 0.01, 0.053] [0.157, 0.1, 0.033, 0.355, 0.03, 0.232, 0.02, 0.073]
[0.63635, 0.12559, 0.46327, 0.10367, 0.21817, -0.44719, -0.28707, -0.15469] 4 [0.048, 0.192, 0.086, 0.02, 0.419, 0.008, 0.221, 0.006] [0.065, 0.171, 0.095, 0.032, 0.365, 0.03, 0.224, 0.018]
[0.63635, 0.12559, 0.46327, 0.10367, 0.21817, -0.44719, -0.28707, -0.15469] 5 [0.008, 0.041, 0.196, 0.083, 0.03, 0.398, 0.022, 0.222] [0.022, 0.067, 0.2, 0.092, 0.035, 0.371, 0.031, 0.182]
[0.63635, 0.12559, 0.46327, 0.10367, 0.21817, -0.44719, -0.28707, -0.15469] 6 [0.202, 0.015, 0.043, 0.202, 0.084, 0.021, 0.414, 0.019] [0.214, 0.021, 0.071, 0.196, 0.083, 0.03, 0.352, 0.033]
[0.63635, 0.12559, 0.46327, 0.10367, 0.21817, -0.44719, -0.28707, -0.15469] 7 [0.013, 0.224, 0.014, 0.051, 0.19, 0.084, 0.023, 0.401] [0.033, 0.209, 0.024, 0.073, 0.172, 0.092, 0.022, 0.375]
[-0.26033, -0.42128, 0.08969, -0.1141, 0.07672, 0.0444, 0.48376, -0.70129] 0 [0.063, 0.183, 0.003, 0.011, 0.011, 0.002, 0.211, 0.516] [0.076, 0.18, 0.03, 0.027, 0.022, 0.024, 0.224, 0.417]
[-0.26033, -0.42128, 0.08969, -0.1141, 0.07672, 0.0444, 0.48376, -0.70129] 1 [0.504, 0.057, 0.183, 0.012, 0.009, 0.008, 0.002, 0.225] [0.43, 0.071, 0.172, 0.026, 0.043, 0.02, 0.031, 0.207]
[-0.26033, -0.42128, 0.08969, -0.1141, 0.07672, 0.0444, 0.48376, -0.70129] 2 [0.215, 0.508, 0.071, 0.181, 0.004, 0.011, 0.008, 0.002] [0.233, 0.433, 0.079, 0.163, 0.023, 0.036, 0.021, 0.012]
[-0.26033, -0.42128, 0.08969, -0.1141, 0.07672, 0.0444, 0.48376, -0.70129] 3 [0.003, 0.244, 0.485, 0.067, 0.176, 0.008, 0.009, 0.008] [0.036, 0.212, 0.437, 0.075, 0.159, 0.026, 0.027, 0.028]
[-0.26033, -0.42128, 0.08969, -0.1141, 0.07672, 0.0444, 0.48376, -0.70129] 4 [0.01, 0.001, 0.237, 0.48, 0.059, 0.189, 0.012, 0.012] [0.019, 0.016, 0.241, 0.441, 0.079, 0.145, 0.022, 0.037]
[-0.26033, -0.42128, 0.08969, -0.1141, 0.07672, 0.0444, 0.48376, -0.70129] 5 [0.011, 0.002, 0.001, 0.249, 0.483, 0.064, 0.183, 0.007] [0.043, 0.026, 0.031, 0.233, 0.397, 0.062, 0.179, 0.029]
[-0.26033, -0.42128, 0.08969, -0.1141, 0.07672, 0.0444, 0.48376, -0.70129] 6 [0.01, 0.011, 0.005, 0, 0.208, 0.507, 0.083, 0.176] [0.026, 0.035, 0.017, 0.016, 0.222, 0.456, 0.06, 0.168]
[-0.26033, -0.42128, 0.08969, -0.1141, 0.07672, 0.0444, 0.48376, -0.70129] 7 [0.185, 0.009, 0.01, 0.002, 0.002, 0.221, 0.502, 0.069] [0.203, 0.033, 0.041, 0.014, 0.031, 0.201, 0.4, 0.077]
[0.14421, -0.34464, -0.06085, 0.07593, 0.56763, 0.02042, -0.57737, 0.44156] 0 [0.015, 0.107, 0.002, 0.012, 0.302, 0.001, 0.36, 0.201] [0.041, 0.098, 0.03, 0.013, 0.286, 0.021, 0.332, 0.179]
[0.14421, -0.34464, -0.06085, 0.07593, 0.56763, 0.02042, -0.57737, 0.44156] 1 [0.202, 0.017, 0.103, 0.003, 0.006, 0.333, 0.001, 0.335] [0.181, 0.036, 0.097, 0.024, 0.026, 0.301, 0.027, 0.308]
[0.14421, -0.34464, -0.06085, 0.07593, 0.56763, 0.02042, -0.57737, 0.44156] 2 [0.343, 0.209, 0.02, 0.092, 0.004, 0.006, 0.325, 0.001] [0.328, 0.176, 0.041, 0.103, 0.025, 0.013, 0.298, 0.016]
[0.14421, -0.34464, -0.06085, 0.07593, 0.56763, 0.02042, -0.57737, 0.44156] 3 [0.001, 0.325, 0.189, 0.025, 0.129, 0.005, 0.003, 0.323] [0.016, 0.295, 0.175, 0.038, 0.124, 0.029, 0.026, 0.297]
[0.14421, -0.34464, -0.06085, 0.07593, 0.56763, 0.02042, -0.57737, 0.44156] 4 [0.329, 0.001, 0.339, 0.179, 0.012, 0.126, 0.006, 0.008] [0.27, 0.017, 0.314, 0.173, 0.05, 0.121, 0.03, 0.025]
[0.14421, -0.34464, -0.06085, 0.07593, 0.56763, 0.02042, -0.57737, 0.44156] 5 [0.002, 0.335, 0.001, 0.337, 0.171, 0.027, 0.125, 0.002] [0.026, 0.286, 0.017, 0.291, 0.2, 0.04, 0.118, 0.022]
[0.14421, -0.34464, -0.06085, 0.07593, 0.56763, 0.02042, -0.57737, 0.44156] 6 [0.004, 0.007, 0.313, 0, 0.34, 0.191, 0.024, 0.121] [0.022, 0.018, 0.278, 0.021, 0.299, 0.207, 0.043, 0.112]
[0.14421, -0.34464, -0.06085, 0.07593, 0.56763, 0.02042, -0.57737, 0.44156] 7 [0.122, 0.004, 0.005, 0.311, 0, 0.342, 0.193, 0.023] [0.118, 0.029, 0.023, 0.283, 0.022, 0.308, 0.173, 0.044]
[0.15098, 0.14305, 0.50838, -0.18927, -0.40212, 0.27958, -0.2555, 0.59777] 0 [0.029, 0.021, 0.259, 0.025, 0.17, 0.062, 0.071, 0.363] [0.035, 0.035, 0.252, 0.049, 0.162, 0.077, 0.082, 0.308]
[0.15098, 0.14305, 0.50838, -0.18927, -0.40212, 0.27958, -0.2555, 0.59777] 1 [0.362, 0.026, 0.019, 0.252, 0.049, 0.153, 0.077, 0.062] [0.305, 0.037, 0.031, 0.237, 0.041, 0.163, 0.09, 0.096]
[0.15098, 0.14305, 0.50838, -0.18927, -0.40212, 0.27958, -0.2555, 0.59777] 2 [0.063, 0.367, 0.025, 0.013, 0.25, 0.032, 0.174, 0.076] [0.08, 0.315, 0.026, 0.025, 0.238, 0.065, 0.166, 0.085]
[0.15098, 0.14305, 0.50838, -0.18927, -0.40212, 0.27958, -0.2555, 0.59777] 3 [0.074, 0.069, 0.356, 0.026, 0.018, 0.258, 0.03, 0.169] [0.066, 0.111, 0.302, 0.037, 0.042, 0.22, 0.057, 0.165]
[0.15098, 0.14305, 0.50838, -0.18927, -0.40212, 0.27958, -0.2555, 0.59777] 4 [0.152, 0.077, 0.062, 0.372, 0.02, 0.031, 0.249, 0.037] [0.158, 0.084, 0.075, 0.305, 0.032, 0.028, 0.251, 0.067]
[0.15098, 0.14305, 0.50838, -0.18927, -0.40212, 0.27958, -0.2555, 0.59777] 5 [0.038, 0.167, 0.074, 0.063, 0.349, 0.026, 0.017, 0.266] [0.055, 0.161, 0.088, 0.078, 0.321, 0.045, 0.036, 0.216]
[0.15098, 0.14305, 0.50838, -0.18927, -0.40212, 0.27958, -0.2555, 0.59777] 6 [0.267, 0.037, 0.164, 0.068, 0.054, 0.364, 0.025, 0.021] [0.233, 0.061, 0.149, 0.089, 0.082, 0.33, 0.034, 0.022]
[0.15098, 0.14305, 0.50838, -0.18927, -0.40212, 0.27958, -0.2555, 0.59777] 7 [0.019, 0.268, 0.029, 0.18, 0.074, 0.06, 0.344, 0.026] [0.033, 0.226, 0.063, 0.176, 0.074, 0.075, 0.323, 0.03]
[-0.07905, 0.11518, 0.44525, -0.39074, -0.40378, -0.46573, -0.49542, 0.06458] 0 [0.007, 0.009, 0.217, 0.14, 0.148, 0.21, 0.263, 0.006] [0.014, 0.028, 0.182, 0.153, 0.164, 0.196, 0.238, 0.025]
[-0.07905, 0.11518, 0.44525, -0.39074, -0.40378, -0.46573, -0.49542, 0.06458] 1 [0.008, 0.003, 0.009, 0.168, 0.156, 0.164, 0.234, 0.258] [0.019, 0.025, 0.036, 0.182, 0.137, 0.161, 0.219, 0.221]
[-0.07905, 0.11518, 0.44525, -0.39074, -0.40378, -0.46573, -0.49542, 0.06458] 2 [0.268, 0.005, 0.003, 0.01, 0.184, 0.146, 0.141, 0.243] [0.244, 0.024, 0.026, 0.025, 0.202, 0.141, 0.141, 0.197]
[-0.07905, 0.11518, 0.44525, -0.39074, -0.40378, -0.46573, -0.49542, 0.06458] 3 [0.222, 0.238, 0.01, 0.01, 0.009, 0.186, 0.159, 0.166] [0.167, 0.228, 0.021, 0.028, 0.03, 0.199, 0.177, 0.15]
[-0.07905, 0.11518, 0.44525, -0.39074, -0.40378, -0.46573, -0.49542, 0.06458] 4 [0.171, 0.199, 0.261, 0.001, 0.006, 0.017, 0.175, 0.17] [0.154, 0.177, 0.217, 0.031, 0.029, 0.032, 0.2, 0.16]
[-0.07905, 0.11518, 0.44525, -0.39074, -0.40378, -0.46573, -0.49542, 0.06458] 5 [0.155, 0.136, 0.223, 0.247, 0.004, 0.005, 0.013, 0.217] [0.136, 0.149, 0.21, 0.237, 0.026, 0.024, 0.025, 0.193]
[-0.07905, 0.11518, 0.44525, -0.39074, -0.40378, -0.46573, -0.49542, 0.06458] 6 [0.208, 0.166, 0.15, 0.2, 0.242, 0.004, 0.008, 0.022] [0.205, 0.152, 0.154, 0.206, 0.218, 0.02, 0.022, 0.023]
[-0.07905, 0.11518, 0.44525, -0.39074, -0.40378, -0.46573, -0.49542, 0.06458] 7 [0.015, 0.189, 0.161, 0.169, 0.216, 0.241, 0.003, 0.006] [0.029, 0.19, 0.147, 0.168, 0.204, 0.219, 0.019, 0.024]
[-0.0816, -0.68472, 0.13068, -0.19079, -0.38373, -0.10309, 0.54823, 0.11219] 0 [0.009, 0.448, 0.015, 0.042, 0.137, 0.009, 0.32, 0.02] [0.024, 0.421, 0.039, 0.047, 0.154, 0.036, 0.246, 0.033]
[-0.0816, -0.68472, 0.13068, -0.19079, -0.38373, -0.10309, 0.54823, 0.11219] 1 [0.009, 0.005, 0.466, 0.017, 0.032, 0.159, 0.008, 0.304] [0.034, 0.027, 0.438, 0.036, 0.045, 0.135, 0.035, 0.25]
[-0.0816, -0.68472, 0.13068, -0.19079, -0.38373, -0.10309, 0.54823, 0.11219] 2 [0.29, 0.012, 0.005, 0.455, 0.019, 0.053, 0.159, 0.007] [0.3, 0.028, 0.033, 0.408, 0.025, 0.048, 0.141, 0.017]
[-0.0816, -0.68472, 0.13068, -0.19079, -0.38373, -0.10309, 0.54823, 0.11219] 3 [0.004, 0.312, 0.012, 0.006, 0.477, 0.018, 0.032, 0.139] [0.042, 0.286, 0.026, 0.022, 0.382, 0.03, 0.057, 0.155]
[-0.0816, -0.68472, 0.13068, -0.19079, -0.38373, -0.10309, 0.54823, 0.11219] 4 [0.149, 0.016, 0.309, 0.012, 0.005, 0.459, 0.018, 0.032] [0.152, 0.02, 0.296, 0.035, 0.019, 0.408, 0.027, 0.043]
[-0.0816, -0.68472, 0.13068, -0.19079, -0.38373, -0.10309, 0.54823, 0.11219] 5 [0.025, 0.159, 0.017, 0.28, 0.006, 0.006, 0.492, 0.015] [0.056, 0.128, 0.04, 0.266, 0.038, 0.024, 0.42, 0.028]
[-0.0816, -0.68472, 0.13068, -0.19079, -0.38373, -0.10309, 0.54823, 0.11219] 6 [0.009, 0.026, 0.163, 0.01, 0.298, 0.016, 0.01, 0.468] [0.03, 0.038, 0.158, 0.027, 0.284, 0.032, 0.032, 0.399]
[-0.0816, -0.68472, 0.13068, -0.19079, -0.38373, -0.10309, 0.54823, 0.11219] 7 [0.46, 0.025, 0.018, 0.138, 0.015, 0.326, 0.013, 0.005] [0.403, 0.044, 0.061, 0.133, 0.033, 0.284, 0.018, 0.024]
[0.22218, 0.1606, 0.33063, -0.22162, 0.77392, -0.16203, -0.37364, 0.04009] 0 [0.057, 0.025, 0.108, 0.044, 0.608, 0.031, 0.124, 0.003] [0.073, 0.034, 0.113, 0.045, 0.53, 0.047, 0.144, 0.014]
[0.22218, 0.1606, 0.33063, -0.22162, 0.77392, -0.16203, -0.37364, 0.04009] 1 [0.003, 0.056, 0.015, 0.131, 0.048, 0.594, 0.029, 0.124] [0.015, 0.079, 0.026, 0.113, 0.044, 0.562, 0.021, 0.14]
[0.22218, 0.1606, 0.33063, -0.22162, 0.77392, -0.16203, -0.37364, 0.04009] 2 [0.135, 0.003, 0.049, 0.027, 0.114, 0.056, 0.591, 0.025] [0.137, 0.015, 0.088, 0.031, 0.123, 0.041, 0.525, 0.04]
[0.22218, 0.1606, 0.33063, -0.22162, 0.77392, -0.16203, -0.37364, 0.04009] 3 [0.026, 0.146, 0, 0.05, 0.029, 0.11, 0.052, 0.587] [0.037, 0.137, 0.013, 0.079, 0.028, 0.126, 0.048, 0.532]
[0.22218, 0.1606, 0.33063, -0.22162, 0.77392, -0.16203, -0.37364, 0.04009] 4 [0.617, 0.021, 0.139, 0.001, 0.052, 0.032, 0.098, 0.04] [0.525, 0.041, 0.152, 0.014, 0.07, 0.033, 0.117, 0.048]
[0.22218, 0.1606, 0.33063, -0.22162, 0.77392, -0.16203, -0.37364, 0.04009] 5 [0.041, 0.605, 0.021, 0.128, 0.001, 0.049, 0.025, 0.13] [0.06, 0.547, 0.022, 0.143, 0.012, 0.061, 0.037, 0.118]
[0.22218, 0.1606, 0.33063, -0.22162, 0.77392, -0.16203, -0.37364, 0.04009] 6 [0.1, 0.049, 0.601, 0.028, 0.14, 0.001, 0.053, 0.028] [0.105, 0.047, 0.548, 0.047, 0.129, 0.014, 0.077, 0.033]
[0.22218, 0.1606, 0.33063, -0.22162, 0.77392, -0.16203, -0.37364, 0.04009] 7 [0.021, 0.117, 0.054, 0.583, 0.016, 0.145, 0, 0.064] [0.03, 0.102, 0.076, 0.525, 0.038, 0.15, 0.014, 0.065]
[-0.23736, 0.64623, -0.00786, -0.28892, 0.55965, -0.2842, 0.18753, 0.1156] 0 [0.054, 0.427, 0, 0.083, 0.292, 0.08, 0.047, 0.017] [0.071, 0.405, 0.014, 0.079, 0.281, 0.088, 0.038, 0.024]
[-0.23736, 0.64623, -0.00786, -0.28892, 0.55965, -0.2842, 0.18753, 0.1156] 1 [0.016, 0.058, 0.415, 0, 0.094, 0.309, 0.07, 0.038] [0.027, 0.05, 0.368, 0.018, 0.102, 0.287, 0.108, 0.04]
[-0.23736, 0.64623, -0.00786, -0.28892, 0.55965, -0.2842, 0.18753, 0.1156] 2 [0.038, 0.015, 0.061, 0.437, 0, 0.074, 0.295, 0.08] [0.049, 0.038, 0.07, 0.369, 0.015, 0.086, 0.264, 0.109]
[-0.23736, 0.64623, -0.00786, -0.28892, 0.55965, -0.2842, 0.18753, 0.1156] 3 [0.076, 0.039, 0.019, 0.059, 0.407, 0, 0.075, 0.325] [0.096, 0.056, 0.029, 0.065, 0.359, 0.026, 0.08, 0.289]
[-0.23736, 0.64623, -0.00786, -0.28892, 0.55965, -0.2842, 0.18753, 0.1156] 4 [0.299, 0.08, 0.035, 0.013, 0.058, 0.423, 0, 0.092] [0.289, 0.094, 0.046, 0.032, 0.062, 0.364, 0.008, 0.105]
[-0.23736, 0.64623, -0.00786, -0.28892, 0.55965, -0.2842, 0.18753, 0.1156] 5 [0.087, 0.308, 0.087, 0.03, 0.011, 0.051, 0.426, 0] [0.092, 0.299, 0.088, 0.036, 0.026, 0.063, 0.382, 0.014]
[-0.23736, 0.64623, -0.00786, -0.28892, 0.55965, -0.2842, 0.18753, 0.1156] 6 [0, 0.096, 0.294, 0.089, 0.032, 0.012, 0.058, 0.419] [0.01, 0.08, 0.274, 0.101, 0.04, 0.039, 0.078, 0.378]
[-0.23736, 0.64623, -0.00786, -0.28892, 0.55965, -0.2842, 0.18753, 0.1156] 7 [0.447, 0, 0.078, 0.311, 0.07, 0.028, 0.015, 0.051] [0.406, 0.022, 0.088, 0.28, 0.09, 0.027, 0.028, 0.059]
[0.13635, 0.05858, 0.30856, 0.38789, 0.50125, 0.47365, -0.48931, -0.13152] 0 [0.019, 0.002, 0.078, 0.17, 0.245, 0.232, 0.244, 0.01] [0.028, 0.023, 0.084, 0.144, 0.214, 0.236, 0.23, 0.041]
[0.13635, 0.05858, 0.30856, 0.38789, 0.50125, 0.47365, -0.48931, -0.13152] 1 [0.01, 0.02, 0.006, 0.09, 0.166, 0.249, 0.225, 0.234] [0.029, 0.022, 0.022, 0.097, 0.142, 0.25, 0.195, 0.243]
[0.13635, 0.05858, 0.30856, 0.38789, 0.50125, 0.47365, -0.48931, -0.13152] 2 [0.241, 0.013, 0.021, 0.004, 0.094, 0.135, 0.253, 0.239] [0.226, 0.03, 0.042, 0.019, 0.102, 0.168, 0.223, 0.19]
[0.13635, 0.05858, 0.30856, 0.38789, 0.50125, 0.47365, -0.48931, -0.13152] 3 [0.222, 0.256, 0.013, 0.017, 0.003, 0.097, 0.151, 0.241] [0.223, 0.22, 0.029, 0.034, 0.021, 0.089, 0.168, 0.216]
[0.13635, 0.05858, 0.30856, 0.38789, 0.50125, 0.47365, -0.48931, -0.13152] 4 [0.267, 0.213, 0.24, 0.02, 0.017, 0.003, 0.095, 0.145] [0.251, 0.204, 0.227, 0.022, 0.038, 0.014, 0.111, 0.133]
[0.13635, 0.05858, 0.30856, 0.38789, 0.50125, 0.47365, -0.48931, -0.13152] 5 [0.138, 0.254, 0.203, 0.251, 0.017, 0.022, 0.008, 0.107] [0.144, 0.239, 0.213, 0.217, 0.033, 0.037, 0.02, 0.097]
[0.13635, 0.05858, 0.30856, 0.38789, 0.50125, 0.47365, -0.48931, -0.13152] 6 [0.098, 0.15, 0.241, 0.227, 0.248, 0.017, 0.018, 0.001] [0.111, 0.148, 0.224, 0.198, 0.227, 0.031, 0.037, 0.024]
[0.13635, 0.05858, 0.30856, 0.38789, 0.50125, 0.47365, -0.48931, -0.13152] 7 [0.003, 0.088, 0.158, 0.251, 0.222, 0.237, 0.02, 0.021] [0.024, 0.106, 0.139, 0.253, 0.194, 0.208, 0.038, 0.038]
[0.07234, -0.13563, 0.05953, 0.1744, -0.32455, -0.24477, -0.76732, 0.43404] 0 [0.003, 0.015, 0.004, 0.039, 0.11, 0.049, 0.593, 0.187] [0.02, 0.029, 0.034, 0.043, 0.093, 0.061, 0.518, 0.202]
[0.07234, -0.13563, 0.05953, 0.1744, -0.32455, -0.24477, -0.76732, 0.43404] 1 [0.195, 0.007, 0.015, 0.006, 0.028, 0.102, 0.05, 0.597] [0.167, 0.021, 0.03, 0.032, 0.062, 0.111, 0.053, 0.524]
[0.07234, -0.13563, 0.05953, 0.1744, -0.32455, -0.24477, -0.76732, 0.43404] 2 [0.602, 0.194, 0.005, 0.016, 0.005, 0.024, 0.09, 0.064] [0.531, 0.163, 0.031, 0.018, 0.034, 0.045, 0.095, 0.083]
[0.07234, -0.13563, 0.05953, 0.1744, -0.32455, -0.24477, -0.76732, 0.43404] 3 [0.068, 0.574, 0.196, 0.003, 0.028, 0.002, 0.023, 0.106] [0.071, 0.506, 0.2, 0.029, 0.021, 0.032, 0.042, 0.099]
[0.07234, -0.13563, 0.05953, 0.1744, -0.32455, -0.24477, -0.76732, 0.43404] 4 [0.089, 0.05, 0.613, 0.19, 0.006, 0.015, 0.004, 0.033] [0.113, 0.046, 0.519, 0.198, 0.024, 0.03, 0.032, 0.038]
[0.07234, -0.13563, 0.05953, 0.1744, -0.32455, -0.24477, -0.76732, 0.43404] 5 [0.037, 0.11, 0.066, 0.595, 0.174, 0.001, 0.015, 0.002] [0.05, 0.118, 0.066, 0.502, 0.185, 0.029, 0.022, 0.028]
[0.07234, -0.13563, 0.05953, 0.1744, -0.32455, -0.24477, -0.76732, 0.43404] 6 [0.004, 0.029, 0.111, 0.057, 0.589, 0.185, 0.005, 0.02] [0.036, 0.047, 0.104, 0.062, 0.52, 0.181, 0.026, 0.024]
[0.07234, -0.13563, 0.05953, 0.1744, -0.32455, -0.24477, -0.76732, 0.43404] 7 [0.019, 0.001, 0.036, 0.116, 0.058, 0.592, 0.175, 0.003] [0.026, 0.034, 0.061, 0.096, 0.064, 0.519, 0.18, 0.02]
[0.52097, -0.41438, 0.1053, 0.19448, 0.45421, -0.11003, 0.37735, -0.38363] 0 [0.272, 0.164, 0.013, 0.045, 0.194, 0.011, 0.132, 0.169] [0.238, 0.171, 0.037, 0.054, 0.208, 0.037, 0.129, 0.126]
[0.52097, -0.41438, 0.1053, 0.19448, 0.45421, -0.11003, 0.37735, -0.38363] 1 [0.163, 0.254, 0.161, 0.004, 0.028, 0.215, 0.018, 0.157] [0.146, 0.247, 0.166, 0.034, 0.06, 0.193, 0.033, 0.121]
[0.52097, -0.41438, 0.1053, 0.19448, 0.45421, -0.11003, 0.37735, -0.38363] 2 [0.139, 0.138, 0.272, 0.181, 0.01, 0.035, 0.213, 0.012] [0.147, 0.15, 0.243, 0.175, 0.022, 0.036, 0.196, 0.031]
[0.52097, -0.41438, 0.1053, 0.19448, 0.45421, -0.11003, 0.37735, -0.38363] 3 [0.013, 0.143, 0.143, 0.303, 0.163, 0.011, 0.038, 0.186] [0.028, 0.139, 0.15, 0.253, 0.151, 0.015, 0.056, 0.208]
[0.52097, -0.41438, 0.1053, 0.19448, 0.45421, -0.11003, 0.37735, -0.38363] 4 [0.205, 0.01, 0.149, 0.142, 0.28, 0.169, 0.005, 0.04] [0.215, 0.032, 0.132, 0.142, 0.257, 0.147, 0.024, 0.051]
[0.52097, -0.41438, 0.1053, 0.19448, 0.45421, -0.11003, 0.37735, -0.38363] 5 [0.048, 0.195, 0.005, 0.126, 0.162, 0.27, 0.184, 0.01] [0.06, 0.199, 0.032, 0.127, 0.132, 0.258, 0.165, 0.027]
[0.52097, -0.41438, 0.1053, 0.19448, 0.45421, -0.11003, 0.37735, -0.38363] 6 [0.011, 0.033, 0.222, 0.012, 0.155, 0.144, 0.241, 0.182] [0.034, 0.053, 0.2, 0.024, 0.132, 0.146, 0.256, 0.155]
[0.52097, -0.41438, 0.1053, 0.19448, 0.45421, -0.11003, 0.37735, -0.38363] 7 [0.181, 0.011, 0.046, 0.221, 0.01, 0.143, 0.126, 0.262] [0.155, 0.03, 0.052, 0.184, 0.026, 0.135, 0.149, 0.269]
[0.01601, 0.24369, -0.38832, -0.02373, -0.75633, 0.27748, 0.03009, -0.37292] 0 [0, 0.063, 0.155, 0, 0.547, 0.082, 0.004, 0.149] [0.029, 0.065, 0.15, 0.013, 0.485, 0.084, 0.023, 0.151]
[0.01601, 0.24369, -0.38832, -0.02373, -0.75633, 0.27748, 0.03009, -0.37292] 1 [0.11, 0, 0.066, 0.15, 0.001, 0.587, 0.085, 0.001] [0.131, 0.024, 0.07, 0.138, 0.017, 0.517, 0.077, 0.026]
[0.01601, 0.24369, -0.38832, -0.02373, -0.75633, 0.27748, 0.03009, -0.37292] 2 [0.002, 0.131, 0.001, 0.064, 0.149, 0, 0.579, 0.074] [0.022, 0.113, 0.029, 0.058, 0.167, 0.007, 0.514, 0.09]
[0.01601, 0.24369, -0.38832, -0.02373, -0.75633, 0.27748, 0.03009, -0.37292] 3 [0.078, 0, 0.125, 0, 0.059, 0.143, 0, 0.595] [0.087, 0.028, 0.132, 0.038, 0.074, 0.148, 0.015, 0.478]
[0.01601, 0.24369, -0.38832, -0.02373, -0.75633, 0.27748, 0.03009, -0.37292] 4 [0.552, 0.087, 0, 0.152, 0, 0.057, 0.152, 0] [0.512, 0.094, 0.022, 0.132, 0.021, 0.065, 0.144, 0.01]
[0.01601, 0.24369, -0.38832, -0.02373, -0.75633, 0.27748, 0.03009, -0.37292] 5 [0, 0.564, 0.082, 0, 0.138, 0, 0.068, 0.148] [0.024, 0.506, 0.083, 0.017, 0.141, 0.032, 0.063, 0.134]
[0.01601, 0.24369, -0.38832, -0.02373, -0.75633, 0.27748, 0.03009, -0.37292] 6 [0.179, 0.003, 0.553, 0.066, 0.001, 0.136, 0, 0.062] [0.154, 0.011, 0.508, 0.094, 0.013, 0.124, 0.02, 0.076]
[0.01601, 0.24369, -0.38832, -0.02373, -0.75633, 0.27748, 0.03009, -0.37292] 7 [0.068, 0.166, 0.002, 0.547, 0.076, 0.001, 0.139, 0.001] [0.079, 0.139, 0.033, 0.481, 0.095, 0.022, 0.123, 0.028]
[-0.65074, -0.24826, 0.3675, 0.39418, -0.16997, -0.36496, 0.10154, -0.22817] 0 [0.445, 0.053, 0.137, 0.171, 0.02, 0.119, 0.012, 0.043] [0.384, 0.069, 0.123, 0.132, 0.051, 0.149, 0.025, 0.067]
[-0.65074, -0.24826, 0.3675, 0.39418, -0.16997, -0.36496, 0.10154, -0.22817] 1 [0.046, 0.412, 0.074, 0.127, 0.174, 0.032, 0.128, 0.007] [0.063, 0.365, 0.08, 0.135, 0.148, 0.039, 0.141, 0.029]
[-0.65074, -0.24826, 0.3675, 0.39418, -0.16997, -0.36496, 0.10154, -0.22817] 2 [0.02, 0.041, 0.426, 0.071, 0.135, 0.142, 0.027, 0.138] [0.03, 0.072, 0.346, 0.079, 0.129, 0.156, 0.056, 0.132]
[-0.65074, -0.24826, 0.3675, 0.39418, -0.16997, -0.36496, 0.10154, -0.22817] 3 [0.124, 0.009, 0.054, 0.428, 0.063, 0.129, 0.169, 0.024] [0.137, 0.028, 0.069, 0.381, 0.071, 0.137, 0.143, 0.034]
[-0.65074, -0.24826, 0.3675, 0.39418, -0.16997, -0.36496, 0.10154, -0.22817] 4 [0.025, 0.141, 0.015, 0.05, 0.414, 0.063, 0.138, 0.154] [0.046, 0.131, 0.025, 0.048, 0.397, 0.059, 0.146, 0.148]
[-0.65074, -0.24826, 0.3675, 0.39418, -0.16997, -0.36496, 0.10154, -0.22817] 5 [0.171, 0.036, 0.128, 0.009, 0.052, 0.407, 0.052, 0.145] [0.143, 0.057, 0.119, 0.017, 0.059, 0.393, 0.074, 0.138]
[-0.65074, -0.24826, 0.3675, 0.39418, -0.16997, -0.36496, 0.10154, -0.22817] 6 [0.14, 0.148, 0.036, 0.107, 0.011, 0.055, 0.423, 0.08] [0.123, 0.141, 0.05, 0.146, 0.025, 0.065, 0.368, 0.082]
[-0.65074, -0.24826, 0.3675, 0.39418, -0.16997, -0.36496, 0.10154, -0.22817] 7 [0.057, 0.142, 0.154, 0.028, 0.126, 0.008, 0.055, 0.43] [0.078, 0.114, 0.152, 0.062, 0.118, 0.021, 0.062, 0.393]
[-0.39936, 0.17817, 0.0441, -0.43065, -0.4165, -0.01899, -0.53181, 0.40584] 0 [0.157, 0.031, 0.001, 0.178, 0.171, 0, 0.296, 0.166] [0.133, 0.032, 0.028, 0.19, 0.17, 0.015, 0.26, 0.172]
[-0.39936, 0.17817, 0.0441, -0.43065, -0.4165, -0.01899, -0.53181, 0.40584] 1 [0.144, 0.163, 0.043, 0.006, 0.177, 0.16, 0, 0.307] [0.161, 0.161, 0.029, 0.026, 0.159, 0.166, 0.024, 0.274]
[-0.39936, 0.17817, 0.0441, -0.43065, -0.4165, -0.01899, -0.53181, 0.40584] 2 [0.27, 0.177, 0.162, 0.036, 0.001, 0.186, 0.167, 0.001] [0.243, 0.173, 0.14, 0.043, 0.033, 0.166, 0.189, 0.013]
[-0.39936, 0.17817, 0.0441, -0.43065, -0.4165, -0.01899, -0.53181, 0.40584] 3 [0.001, 0.271, 0.167, 0.173, 0.027, 0.001, 0.187, 0.173] [0.023, 0.249, 0.174, 0.146, 0.044, 0.03, 0.157, 0.177]
[-0.39936, 0.17817, 0.0441, -0.43065, -0.4165, -0.01899, -0.53181, 0.40584] 4 [0.184, 0.001, 0.27, 0.16, 0.145, 0.028, 0.003, 0.209] [0.152, 0.013, 0.268, 0.154, 0.158, 0.051, 0.031, 0.173]
[-0.39936, 0.17817, 0.0441, -0.43065, -0.4165, -0.01899, -0.53181, 0.40584] 5 [0.195, 0.178, 0, 0.276, 0.17, 0.146, 0.035, 0] [0.188, 0.171, 0.018, 0.246, 0.154, 0.156, 0.041, 0.026]
[-0.39936, 0.17817, 0.0441, -0.43065, -0.4165, -0.01899, -0.53181, 0.40584] 6 [0.004, 0.169, 0.163, 0.001, 0.285, 0.157, 0.187, 0.034] [0.029, 0.167, 0.179, 0.016, 0.235, 0.171, 0.162, 0.041]
[-0.39936, 0.17817, 0.0441, -0.43065, -0.4165, -0.01899, -0.53181, 0.40584] 7 [0.035, 0.003, 0.179, 0.164, 0.001, 0.286, 0.184, 0.148] [0.046, 0.022, 0.185, 0.153, 0.016, 0.259, 0.156, 0.163]
[0.26111, -0.23925, -0.21884, 0.55118, 0.24704, 0.50392, 0.4555, 0.02118] 0 [0.07, 0.06, 0.047, 0.305, 0.067, 0.244, 0.207, 0] [0.082, 0.068, 0.072, 0.317, 0.066, 0.214, 0.165, 0.016]
[0.26111, -0.23925, -0.21884, 0.55118, 0.24704, 0.50392, 0.4555, 0.02118] 1 [0, 0.094, 0.053, 0.048, 0.286, 0.056, 0.25, 0.213] [0.028, 0.079, 0.065, 0.063, 0.273, 0.077, 0.239, 0.176]
[0.26111, -0.23925, -0.21884, 0.55118, 0.24704, 0.50392, 0.4555, 0.02118] 2 [0.196, 0, 0.067, 0.066, 0.045, 0.323, 0.064, 0.239] [0.208, 0.021, 0.082, 0.064, 0.059, 0.244, 0.065, 0.257]
[0.26111, -0.23925, -0.21884, 0.55118, 0.24704, 0.50392, 0.4555, 0.02118] 3 [0.257, 0.202, 0, 0.067, 0.05, 0.057, 0.31, 0.057] [0.226, 0.217, 0.021, 0.071, 0.07, 0.053, 0.264, 0.078]
[0.26111, -0.23925, -0.21884, 0.55118, 0.24704, 0.50392, 0.4555, 0.02118] 4 [0.056, 0.264, 0.205, 0, 0.076, 0.045, 0.046, 0.308] [0.07, 0.216, 0.172, 0.039, 0.083, 0.06, 0.071, 0.289]
[0.26111, -0.23925, -0.21884, 0.55118, 0.24704, 0.50392, 0.4555, 0.02118] 5 [0.278, 0.074, 0.255, 0.209, 0, 0.059, 0.065, 0.06] [0.277, 0.075, 0.221, 0.184, 0.029, 0.074, 0.064, 0.076]
[0.26111, -0.23925, -0.21884, 0.55118, 0.24704, 0.50392, 0.4555, 0.02118] 6 [0.048, 0.319, 0.054, 0.263, 0.209, 0.001, 0.059, 0.047] [0.046, 0.281, 0.052, 0.242, 0.204, 0.022, 0.068, 0.085]
[0.26111, -0.23925, -0.21884, 0.55118, 0.24704, 0.50392, 0.4555, 0.02118] 7 [0.06, 0.045, 0.315, 0.063, 0.255, 0.185, 0, 0.077] [0.082, 0.051, 0.297, 0.07, 0.219, 0.179, 0.028, 0.074]
[0.72303, -0.20904, 0.22546, 0.29836, 0.15896, -0.36172, 0.1374, 0.34451] 0 [0.526, 0.034, 0.056, 0.099, 0.024, 0.122, 0.008, 0.131] [0.463, 0.083, 0.054, 0.087, 0.055, 0.122, 0.039, 0.097]
[0.72303, -0.20904, 0.22546, 0.29836, 0.15896, -0.36172, 0.1374, 0.34451] 1 [0.129, 0.518, 0.035, 0.052, 0.094, 0.015, 0.135, 0.022] [0.121, 0.44, 0.071, 0.076, 0.094, 0.046, 0.123, 0.029]
[0.72303, -0.20904, 0.22546, 0.29836, 0.15896, -0.36172, 0.1374, 0.34451] 2 [0.014, 0.138, 0.513, 0.044, 0.043, 0.076, 0.031, 0.141] [0.04, 0.118, 0.441, 0.056, 0.066, 0.095, 0.061, 0.123]
[0.72303, -0.20904, 0.22546, 0.29836, 0.15896, -0.36172, 0.1374, 0.34451] 3 [0.136, 0.017, 0.111, 0.552, 0.047, 0.044, 0.08, 0.013] [0.133, 0.025, 0.119, 0.466, 0.066, 0.064, 0.093, 0.034]
[0.72303, -0.20904, 0.22546, 0.29836, 0.15896, -0.36172, 0.1374, 0.34451] 4 [0.027, 0.133, 0.016, 0.115, 0.535, 0.048, 0.048, 0.078] [0.04, 0.12, 0.039, 0.12, 0.474, 0.056, 0.058, 0.093]
[0.72303, -0.20904, 0.22546, 0.29836, 0.15896, -0.36172, 0.1374, 0.34451] 5 [0.112, 0.029, 0.14, 0.017, 0.103, 0.506, 0.044, 0.049] [0.102, 0.052, 0.128, 0.038, 0.11, 0.439, 0.066, 0.065]
[0.72303, -0.20904, 0.22546, 0.29836, 0.15896, -0.36172, 0.1374, 0.34451] 6 [0.043, 0.098, 0.03, 0.162, 0.015, 0.115, 0.499, 0.038] [0.053, 0.087, 0.053, 0.132, 0.034, 0.122, 0.459, 0.06]
[0.72303, -0.20904, 0.22546, 0.29836, 0.15896, -0.36172, 0.1374, 0.34451] 7 [0.037, 0.047, 0.095, 0.022, 0.117, 0.012, 0.119, 0.551] [0.05, 0.061, 0.103, 0.057, 0.126, 0.035, 0.11, 0.458]
[0.66217, -0.5065, 0.16552, -0.12542, 0.22912, 0.01634, 0.16524, -0.42638] 0 [0.442, 0.259, 0.024, 0.017, 0.051, 0.001, 0.021, 0.185] [0.427, 0.223, 0.037, 0.042, 0.069, 0.018, 0.038, 0.146]
[0.66217, -0.5065, 0.16552, -0.12542, 0.22912, 0.01634, 0.16524, -0.42638] 1 [0.191, 0.426, 0.26, 0.032, 0.014, 0.05, 0, 0.027] [0.182, 0.383, 0.238, 0.041, 0.032, 0.076, 0.015, 0.033]
[0.66217, -0.5065, 0.16552, -0.12542, 0.22912, 0.01634, 0.16524, -0.42638] 2 [0.025, 0.19, 0.437, 0.267, 0.022, 0.012, 0.047, 0] [0.041, 0.164, 0.386, 0.225, 0.055, 0.029, 0.073, 0.027]
[0.66217, -0.5065, 0.16552, -0.12542, 0.22912, 0.01634, 0.16524, -0.42638] 3 [0, 0.022, 0.172, 0.418, 0.275, 0.033, 0.011, 0.069] [0.017, 0.034, 0.176, 0.382, 0.252, 0.042, 0.038, 0.059]
[0.66217, -0.5065, 0.16552, -0.12542, 0.22912, 0.01634, 0.16524, -0.42638] 4 [0.047, 0, 0.033, 0.188, 0.437, 0.259, 0.019, 0.017] [0.08, 0.014, 0.039, 0.16, 0.398, 0.242, 0.038, 0.029]
[0.66217, -0.5065, 0.16552, -0.12542, 0.22912, 0.01634, 0.16524, -0.42638] 5 [0.014, 0.059, 0, 0.029, 0.15, 0.472, 0.238, 0.038] [0.033, 0.09, 0.023, 0.031, 0.175, 0.389, 0.228, 0.031]
[0.66217, -0.5065, 0.16552, -0.12542, 0.22912, 0.01634, 0.16524, -0.42638] 6 [0.03, 0.017, 0.038, 0.001, 0.028, 0.177, 0.434, 0.275] [0.041, 0.032, 0.078, 0.019, 0.037, 0.168, 0.381, 0.244]
[0.66217, -0.5065, 0.16552, -0.12542, 0.22912, 0.01634, 0.16524, -0.42638] 7 [0.25, 0.027, 0.023, 0.048, 0.001, 0.028, 0.176, 0.447] [0.223, 0.051, 0.038, 0.081, 0.034, 0.035, 0.172, 0.366]
[0.30335, -0.32902, 0.50176, -0.25434, -0.10803, 0.43504, 0.50812, -0.15542] 0 [0.103, 0.109, 0.235, 0.062, 0.008, 0.184, 0.27, 0.029] [0.1, 0.106, 0.249, 0.068, 0.029, 0.171, 0.234, 0.043]
[0.30335, -0.32902, 0.50176, -0.25434, -0.10803, 0.43504, 0.50812, -0.15542] 1 [0.023, 0.089, 0.092, 0.268, 0.079, 0.018, 0.172, 0.259] [0.04, 0.094, 0.088, 0.263, 0.069, 0.033, 0.178, 0.235]
[0.30335, -0.32902, 0.50176, -0.25434, -0.10803, 0.43504, 0.50812, -0.15542] 2 [0.265, 0.019, 0.096, 0.081, 0.262, 0.078, 0.005, 0.194] [0.262, 0.038, 0.089, 0.128, 0.207, 0.064, 0.032, 0.18]
[0.30335, -0.32902, 0.50176, -0.25434, -0.10803, 0.43504, 0.50812, -0.15542] 3 [0.187, 0.277, 0.027, 0.09, 0.104, 0.237, 0.064, 0.014] [0.19, 0.238, 0.04, 0.092, 0.116, 0.227, 0.064, 0.033]
[0.30335, -0.32902, 0.50176, -0.25434, -0.10803, 0.43504, 0.50812, -0.15542] 4 [0.007, 0.202, 0.271, 0.02, 0.088, 0.097, 0.253, 0.062] [0.031, 0.18, 0.251, 0.036, 0.086, 0.094, 0.232, 0.09]
[0.30335, -0.32902, 0.50176, -0.25434, -0.10803, 0.43504, 0.50812, -0.15542] 5 [0.065, 0.012, 0.207, 0.255, 0.019, 0.089, 0.119, 0.234] [0.092, 0.028, 0.193, 0.239, 0.033, 0.097, 0.111, 0.207]
[0.30335, -0.32902, 0.50176, -0.25434, -0.10803, 0.43504, 0.50812, -0.15542] 6 [0.256, 0.061, 0.012, 0.171, 0.264, 0.019, 0.092, 0.125] [0.24, 0.085, 0.037, 0.167, 0.236, 0.031, 0.088, 0.116]
[0.30335, -0.32902, 0.50176, -0.25434, -0.10803, 0.43504, 0.50812, -0.15542] 7 [0.123, 0.228, 0.063, 0.013, 0.178, 0.297, 0.024, 0.074] [0.116, 0.222, 0.068, 0.037, 0.181, 0.249, 0.04, 0.087]
[0.57714, 0.22421, 0.48954, -0.20139, -0.09316, 0.36926, 0.24872, 0.35992] 0 [0.32, 0.064, 0.226, 0.038, 0.015, 0.141, 0.064, 0.132] [0.296, 0.065, 0.23, 0.058, 0.028, 0.128, 0.082, 0.113]
[0.57714, 0.22421, 0.48954, -0.20139, -0.09316, 0.36926, 0.24872, 0.35992] 1 [0.14, 0.328, 0.041, 0.237, 0.04, 0.006, 0.147, 0.061] [0.126, 0.316, 0.061, 0.203, 0.053, 0.021, 0.138, 0.082]
[0.57714, 0.22421, 0.48954, -0.20139, -0.09316, 0.36926, 0.24872, 0.35992] 2 [0.064, 0.131, 0.342, 0.042, 0.227, 0.057, 0.011, 0.126] [0.067, 0.129, 0.286, 0.07, 0.248, 0.046, 0.04, 0.114]
[0.57714, 0.22421, 0.48954, -0.20139, -0.09316, 0.36926, 0.24872, 0.35992] 3 [0.148, 0.055, 0.136, 0.339, 0.043, 0.237, 0.026, 0.016] [0.127, 0.069, 0.126, 0.329, 0.059, 0.212, 0.044, 0.034]
[0.57714, 0.22421, 0.48954, -0.20139, -0.09316, 0.36926, 0.24872, 0.35992] 4 [0.006, 0.128, 0.062, 0.141, 0.342, 0.04, 0.24, 0.041] [0.033, 0.118, 0.095, 0.124, 0.266, 0.055, 0.247, 0.062]
[0.57714, 0.22421, 0.48954, -0.20139, -0.09316, 0.36926, 0.24872, 0.35992] 5 [0.049, 0.007, 0.14, 0.054, 0.141, 0.311, 0.056, 0.242] [0.052, 0.018, 0.138, 0.056, 0.122, 0.308, 0.064, 0.242]
[0.57714, 0.22421, 0.48954, -0.20139, -0.09316, 0.36926, 0.24872, 0.35992] 6 [0.233, 0.043, 0.01, 0.131, 0.055, 0.126, 0.352, 0.05] [0.208, 0.051, 0.035, 0.141, 0.076, 0.131, 0.306, 0.052]
[0.57714, 0.22421, 0.48954, -0.20139, -0.09316, 0.36926, 0.24872, 0.35992] 7 [0.058, 0.247, 0.027, 0.009, 0.152, 0.056, 0.117, 0.334] [0.07, 0.241, 0.059, 0.033, 0.134, 0.089, 0.112, 0.262]
[-0.6054, -0.06682, -0.08235, -0.25558, -0.18902, -0.65429, -0.20211, 0.22861] 0 [0.389, 0.004, 0.003, 0.065, 0.042, 0.409, 0.039, 0.049] [0.338, 0.027, 0.024, 0.06, 0.057, 0.371, 0.062, 0.061]
[-0.6054, -0.06682, -0.08235, -0.25558, -0.18902, -0.65429, -0.20211, 0.22861] 1 [0.045, 0.367, 0.004, 0.005, 0.061, 0.031, 0.438, 0.049] [0.071, 0.327, 0.03, 0.025, 0.067, 0.055, 0.38, 0.045]
[-0.6054, -0.06682, -0.08235, -0.25558, -0.18902, -0.65429, -0.20211, 0.22861] 2 [0.036, 0.049, 0.362, 0.004, 0.002, 0.069, 0.04, 0.438] [0.048, 0.061, 0.325, 0.033, 0.014, 0.077, 0.06, 0.382]
[-0.6054, -0.06682, -0.08235, -0.25558, -0.18902, -0.65429, -0.20211, 0.22861] 3 [0.427, 0.056, 0.06, 0.349, 0.007, 0.007, 0.059, 0.035] [0.38, 0.057, 0.074, 0.309, 0.026, 0.031, 0.076, 0.047]
[-0.6054, -0.06682, -0.08235, -0.25558, -0.18902, -0.65429, -0.20211, 0.22861] 4 [0.027, 0.445, 0.043, 0.062, 0.346, 0.005, 0.004, 0.068] [0.073, 0.377, 0.044, 0.067, 0.316, 0.036, 0.016, 0.071]
[-0.6054, -0.06682, -0.08235, -0.25558, -0.18902, -0.65429, -0.20211, 0.22861] 5 [0.058, 0.041, 0.405, 0.047, 0.057, 0.379, 0.008, 0.005] [0.069, 0.056, 0.377, 0.048, 0.061, 0.336, 0.034, 0.019]
[-0.6054, -0.06682, -0.08235, -0.25558, -0.18902, -0.65429, -0.20211, 0.22861] 6 [0.005, 0.066, 0.039, 0.443, 0.038, 0.05, 0.356, 0.003] [0.015, 0.079, 0.055, 0.375, 0.047, 0.066, 0.322, 0.041]
[-0.6054, -0.06682, -0.08235, -0.25558, -0.18902, -0.65429, -0.20211, 0.22861] 7 [0.004, 0.008, 0.059, 0.038, 0.423, 0.039, 0.058, 0.371] [0.03, 0.011, 0.063, 0.071, 0.406, 0.061, 0.061, 0.297]
[0.2622, 0.39538, 0.17956, 0.21052, -0.44181, -0.5035, 0.34698, 0.35953] 0 [0.077, 0.147, 0.028, 0.048, 0.184, 0.245, 0.136, 0.135] [0.076, 0.155, 0.047, 0.041, 0.185, 0.236, 0.121, 0.139]
[0.2622, 0.39538, 0.17956, 0.21052, -0.44181, -0.5035, 0.34698, 0.35953] 1 [0.14, 0.064, 0.154, 0.034, 0.041, 0.162, 0.273, 0.132] [0.12, 0.083, 0.161, 0.051, 0.05, 0.171, 0.248, 0.116]
[0.2622, 0.39538, 0.17956, 0.21052, -0.44181, -0.5035, 0.34698, 0.35953] 2 [0.13, 0.119, 0.069, 0.171, 0.036, 0.048, 0.193, 0.234] [0.14, 0.125, 0.074, 0.146, 0.043, 0.053, 0.185, 0.234]
[0.2622, 0.39538, 0.17956, 0.21052, -0.44181, -0.5035, 0.34698, 0.35953] 3 [0.262, 0.108, 0.133, 0.053, 0.182, 0.026, 0.048, 0.188] [0.24, 0.134, 0.13, 0.072, 0.142, 0.062, 0.063, 0.157]
[0.2622, 0.39538, 0.17956, 0.21052, -0.44181, -0.5035, 0.34698, 0.35953] 4 [0.202, 0.251, 0.125, 0.133, 0.067, 0.159, 0.02, 0.043] [0.179, 0.261, 0.117, 0.12, 0.077, 0.142, 0.049, 0.055]
[0.2622, 0.39538, 0.17956, 0.21052, -0.44181, -0.5035, 0.34698, 0.35953] 5 [0.038, 0.186, 0.231, 0.141, 0.115, 0.077, 0.177, 0.035] [0.07, 0.198, 0.228, 0.131, 0.12, 0.072, 0.143, 0.038]
[0.2622, 0.39538, 0.17956, 0.21052, -0.44181, -0.5035, 0.34698, 0.35953] 6 [0.044, 0.05, 0.191, 0.246, 0.118, 0.138, 0.072, 0.141] [0.043, 0.05, 0.187, 0.228, 0.127, 0.119, 0.085, 0.161]
[0.2622, 0.39538, 0.17956, 0.21052, -0.44181, -0.5035, 0.34698, 0.35953] 7 [0.162, 0.029, 0.035, 0.193, 0.238, 0.123, 0.156, 0.064] [0.152, 0.058, 0.052, 0.179, 0.221, 0.112, 0.135, 0.091]
[0.32672, 0.20188, -0.40453, -0.00831, -0.27887, 0.73041, 0.20513, 0.18821] 0 [0.1, 0.046, 0.168, 0, 0.08, 0.53, 0.044, 0.032] [0.114, 0.061, 0.145, 0.015, 0.099, 0.468, 0.044, 0.054]
[0.32672, 0.20188, -0.40453, -0.00831, -0.27887, 0.73041, 0.20513, 0.18821] 1 [0.035, 0.101, 0.04, 0.167, 0, 0.069, 0.548, 0.04] [0.048, 0.12, 0.06, 0.139, 0.015, 0.084, 0.468, 0.066]
[0.32672, 0.20188, -0.40453, -0.00831, -0.27887, 0.73041, 0.20513, 0.18821] 2 [0.034, 0.024, 0.105, 0.04, 0.183, 0, 0.077, 0.537] [0.057, 0.036, 0.114, 0.062, 0.168, 0.018, 0.091, 0.454]
[0.32672, 0.20188, -0.40453, -0.00831, -0.27887, 0.73041, 0.20513, 0.18821] 3 [0.536, 0.033, 0.036, 0.109, 0.043, 0.164, 0, 0.079] [0.481, 0.043, 0.064, 0.11, 0.062, 0.139, 0.016, 0.085]
[0.32672, 0.20188, -0.40453, -0.00831, -0.27887, 0.73041, 0.20513, 0.18821] 4 [0.07, 0.536, 0.038, 0.04, 0.126, 0.033, 0.157, 0] [0.115, 0.444, 0.056, 0.042, 0.105, 0.055, 0.166, 0.017]
[0.32672, 0.20188, -0.40453, -0.00831, -0.27887, 0.73041, 0.20513, 0.18821] 5 [0, 0.078, 0.541, 0.042, 0.037, 0.108, 0.045, 0.149] [0.022, 0.088, 0.484, 0.047, 0.052, 0.104, 0.056, 0.147]
[0.32672, 0.20188, -0.40453, -0.00831, -0.27887, 0.73041, 0.20513, 0.18821] 6 [0.153, 0, 0.076, 0.54, 0.057, 0.042, 0.101, 0.031] [0.149, 0.013, 0.099, 0.484, 0.051, 0.045, 0.106, 0.053]
[0.32672, 0.20188, -0.40453, -0.00831, -0.27887, 0.73041, 0.20513, 0.18821] 7 [0.043, 0.166, 0, 0.084, 0.51, 0.044, 0.04, 0.113] [0.063, 0.148, 0.01, 0.099, 0.454, 0.062, 0.066, 0.098]
[-0.25598, 0.37987, 0.01178, -0.75704, 0.02769, -0.04963, 0.05042, 0.45951] 0 [0.076, 0.138, 0, 0.562, 0.001, 0.007, 0.005, 0.211] [0.068, 0.151, 0.018, 0.508, 0.01, 0.029, 0.014, 0.202]
[-0.25598, 0.37987, 0.01178, -0.75704, 0.02769, -0.04963, 0.05042, 0.45951] 1 [0.223, 0.073, 0.137, 0, 0.56, 0.001, 0.002, 0.004] [0.221, 0.062, 0.143, 0.015, 0.511, 0.019, 0.014, 0.015]
[-0.25598, 0.37987, 0.01178, -0.75704, 0.02769, -0.04963, 0.05042, 0.45951] 2 [0.002, 0.224, 0.047, 0.17, 0, 0.553, 0.002, 0.002] [0.013, 0.196, 0.069, 0.145, 0.02, 0.52, 0.006, 0.031]
[-0.25598, 0.37987, 0.01178, -0.75704, 0.02769, -0.04963, 0.05042, 0.45951] 3 [0.003, 0.004, 0.208, 0.069, 0.153, 0, 0.562, 0.001] [0.018, 0.015, 0.224, 0.064, 0.157, 0.017, 0.494, 0.011]
[-0.25598, 0.37987, 0.01178, -0.75704, 0.02769, -0.04963, 0.05042, 0.45951] 4 [0.002, 0.004, 0.001, 0.195, 0.056, 0.142, 0, 0.6] [0.005, 0.027, 0.017, 0.171, 0.066, 0.145, 0.015, 0.554]
[-0.25598, 0.37987, 0.01178, -0.75704, 0.02769, -0.04963, 0.05042, 0.45951] 5 [0.588, 0, 0, 0.001, 0.189, 0.07, 0.152, 0] [0.511, 0.028, 0.023, 0.015, 0.212, 0.064, 0.129, 0.018]
[-0.25598, 0.37987, 0.01178, -0.75704, 0.02769, -0.04963, 0.05042, 0.45951] 6 [0, 0.552, 0.002, 0.004, 0, 0.22, 0.065, 0.157] [0.019, 0.527, 0.004, 0.019, 0.012, 0.21, 0.071, 0.138]
[-0.25598, 0.37987, 0.01178, -0.75704, 0.02769, -0.04963, 0.05042, 0.45951] 7 [0.14, 0.001, 0.584, 0, 0.004, 0.004, 0.211, 0.056] [0.144, 0.017, 0.535, 0.012, 0.022, 0.01, 0.208, 0.052]
[-0.47918, 0.13142, -0.1202, 0.35782, -0.1712, -0.02751, -0.4147, 0.63921] 0 [0.24, 0.02, 0.017, 0.11, 0.034, 0.001, 0.181, 0.397] [0.203, 0.036, 0.03, 0.14, 0.046, 0.016, 0.173, 0.356]
[-0.47918, 0.13142, -0.1202, 0.35782, -0.1712, -0.02751, -0.4147, 0.63921] 1 [0.419, 0.24, 0.016, 0.013, 0.126, 0.024, 0.002, 0.16] [0.388, 0.204, 0.03, 0.024, 0.117, 0.052, 0.021, 0.164]
[-0.47918, 0.13142, -0.1202, 0.35782, -0.1712, -0.02751, -0.4147, 0.63921] 2 [0.187, 0.437, 0.214, 0.017, 0.012, 0.105, 0.028, 0] [0.174, 0.36, 0.224, 0.025, 0.03, 0.147, 0.029, 0.011]
[-0.47918, 0.13142, -0.1202, 0.35782, -0.1712, -0.02751, -0.4147, 0.63921] 3 [0.002, 0.186, 0.4, 0.219, 0.017, 0.016, 0.129, 0.031] [0.016, 0.163, 0.344, 0.239, 0.031, 0.037, 0.138, 0.032]
[-0.47918, 0.13142, -0.1202, 0.35782, -0.1712, -0.02751, -0.4147, 0.63921] 4 [0.035, 0.002, 0.144, 0.422, 0.231, 0.019, 0.02, 0.127] [0.034, 0.016, 0.179, 0.38, 0.197, 0.033, 0.033, 0.128]
[-0.47918, 0.13142, -0.1202, 0.35782, -0.1712, -0.02751, -0.4147, 0.63921] 5 [0.146, 0.034, 0.002, 0.192, 0.365, 0.241, 0.013, 0.007] [0.12, 0.054, 0.013, 0.172, 0.338, 0.237, 0.034, 0.032]
[-0.47918, 0.13142, -0.1202, 0.35782, -0.1712, -0.02751, -0.4147, 0.63921] 6 [0.01, 0.125, 0.029, 0, 0.169, 0.44, 0.219, 0.008] [0.036, 0.147, 0.047, 0.018, 0.187, 0.363, 0.174, 0.028]
[-0.47918, 0.13142, -0.1202, 0.35782, -0.1712, -0.02751, -0.4147, 0.63921] 7 [0.017, 0.015, 0.128, 0.023, 0.001, 0.189, 0.398, 0.229] [0.028, 0.048, 0.129, 0.034, 0.02, 0.155, 0.368, 0.218]
[0.41732, 0.84019, 0.09235, 0.2402, -0.09025, 0.06551, 0.11285, 0.16891] 0 [0.169, 0.715, 0.009, 0.056, 0.002, 0.006, 0.015, 0.028] [0.175, 0.633, 0.011, 0.07, 0.022, 0.04, 0.015, 0.034]
[0.41732, 0.84019, 0.09235, 0.2402, -0.09025, 0.06551, 0.11285, 0.16891] 1 [0.024, 0.167, 0.717, 0.006, 0.061, 0.008, 0.002, 0.015] [0.04, 0.17, 0.625, 0.024, 0.072, 0.021, 0.033, 0.015]
[0.41732, 0.84019, 0.09235, 0.2402, -0.09025, 0.06551, 0.11285, 0.16891] 2 [0.016, 0.034, 0.185, 0.699, 0.005, 0.053, 0.007, 0.001] [0.014, 0.033, 0.197, 0.613, 0.016, 0.068, 0.027, 0.032]
[0.41732, 0.84019, 0.09235, 0.2402, -0.09025, 0.06551, 0.11285, 0.16891] 3 [0.009, 0.012, 0.023, 0.178, 0.708, 0.006, 0.058, 0.006] [0.034, 0.022, 0.041, 0.183, 0.617, 0.018, 0.067, 0.018]
[0.41732, 0.84019, 0.09235, 0.2402, -0.09025, 0.06551, 0.11285, 0.16891] 4 [0.013, 0.004, 0.013, 0.018, 0.159, 0.731, 0.009, 0.053] [0.029, 0.036, 0.014, 0.04, 0.166, 0.598, 0.025, 0.092]
[0.41732, 0.84019, 0.09235, 0.2402, -0.09025, 0.06551, 0.11285, 0.16891] 5 [0.052, 0.005, 0.003, 0.016, 0.033, 0.192, 0.688, 0.011] [0.064, 0.015, 0.036, 0.026, 0.058, 0.171, 0.601, 0.029]
[0.41732, 0.84019, 0.09235, 0.2402, -0.09025, 0.06551, 0.11285, 0.16891] 6 [0.004, 0.062, 0.008, 0.002, 0.011, 0.028, 0.155, 0.73] [0.013, 0.057, 0.023, 0.034, 0.015, 0.054, 0.164, 0.64]
[0.41732, 0.84019, 0.09235, 0.2402, -0.09025, 0.06551, 0.11285, 0.16891] 7 [0.701, 0.005, 0.057, 0.005, 0.001, 0.023, 0.03, 0.178] [0.606, 0.023, 0.078, 0.017, 0.031, 0.023, 0.043, 0.179]
[0.34772, 0.5254, 0.01897, -0.49409, 0.2672, 0.17444, -0.2726, 0.42712] 0 [0.125, 0.258, 0, 0.266, 0.076, 0.027, 0.092, 0.156] [0.108, 0.256, 0.011, 0.246, 0.075, 0.046, 0.086, 0.172]
[0.34772, 0.5254, 0.01897, -0.49409, 0.2672, 0.17444, -0.2726, 0.42712] 1 [0.17, 0.118, 0.324, 0, 0.246, 0.06, 0.022, 0.06] [0.204, 0.113, 0.285, 0.018, 0.185, 0.069, 0.057, 0.069]
[0.34772, 0.5254, 0.01897, -0.49409, 0.2672, 0.17444, -0.2726, 0.42712] 2 [0.078, 0.153, 0.126, 0.312, 0, 0.239, 0.049, 0.043] [0.076, 0.182, 0.135, 0.234, 0.018, 0.219, 0.072, 0.064]
[0.34772, 0.5254, 0.01897, -0.49409, 0.2672, 0.17444, -0.2726, 0.42712] 3 [0.039, 0.058, 0.155, 0.127, 0.29, 0, 0.251, 0.08] [0.037, 0.064, 0.171, 0.115, 0.28, 0.011, 0.241, 0.081]
[0.34772, 0.5254, 0.01897, -0.49409, 0.2672, 0.17444, -0.2726, 0.42712] 4 [0.071, 0.024, 0.071, 0.193, 0.137, 0.261, 0, 0.243] [0.08, 0.041, 0.066, 0.182, 0.107, 0.262, 0.023, 0.239]
[0.34772, 0.5254, 0.01897, -0.49409, 0.2672, 0.17444, -0.2726, 0.42712] 5 [0.236, 0.069, 0.03, 0.069, 0.193, 0.118, 0.285, 0] [0.238, 0.096, 0.041, 0.088, 0.183, 0.098, 0.234, 0.022]
[0.34772, 0.5254, 0.01897, -0.49409, 0.2672, 0.17444, -0.2726, 0.42712] 6 [0, 0.252, 0.068, 0.023, 0.051, 0.198, 0.121, 0.287] [0.021, 0.192, 0.087, 0.048, 0.085, 0.182, 0.135, 0.25]
[0.34772, 0.5254, 0.01897, -0.49409, 0.2672, 0.17444, -0.2726, 0.42712] 7 [0.277, 0, 0.23, 0.071, 0.025, 0.075, 0.187, 0.135] [0.244, 0.018, 0.269, 0.082, 0.044, 0.067, 0.168, 0.108]
[-0.47878, 0.23571, -0.32791, -0.13845, 0.55253, 0.25721, 0.45437, 0.10304] 0 [0.225, 0.042, 0.114, 0.018, 0.309, 0.07, 0.213, 0.009] [0.208, 0.064, 0.109, 0.03, 0.294, 0.066, 0.207, 0.022]
[-0.47878, 0.23571, -0.32791, -0.13845, 0.55253, 0.25721, 0.45437, 0.10304] 1 [0.01, 0.244, 0.06, 0.087, 0.023, 0.319, 0.068, 0.189] [0.029, 0.206, 0.059, 0.136, 0.028, 0.306, 0.057, 0.179]
[-0.47878, 0.23571, -0.32791, -0.13845, 0.55253, 0.25721, 0.45437, 0.10304] 2 [0.222, 0.008, 0.232, 0.057, 0.109, 0.018, 0.293, 0.061] [0.196, 0.013, 0.22, 0.062, 0.132, 0.022, 0.291, 0.064]
[-0.47878, 0.23571, -0.32791, -0.13845, 0.55253, 0.25721, 0.45437, 0.10304] 3 [0.07, 0.196, 0.006, 0.231, 0.058, 0.095, 0.025, 0.319] [0.075, 0.214, 0.015, 0.22, 0.06, 0.126, 0.024, 0.266]
[-0.47878, 0.23571, -0.32791, -0.13845, 0.55253, 0.25721, 0.45437, 0.10304] 4 [0.3, 0.06, 0.214, 0.008, 0.251, 0.052, 0.097, 0.018] [0.293, 0.084, 0.196, 0.027, 0.212, 0.054, 0.106, 0.028]
[-0.47878, 0.23571, -0.32791, -0.13845, 0.55253, 0.25721, 0.45437, 0.10304] 5 [0.016, 0.308, 0.06, 0.218, 0.008, 0.236, 0.038, 0.116] [0.026, 0.291, 0.07, 0.198, 0.02, 0.223, 0.058, 0.114]
[-0.47878, 0.23571, -0.32791, -0.13845, 0.55253, 0.25721, 0.45437, 0.10304] 6 [0.123, 0.014, 0.276, 0.073, 0.198, 0.01, 0.239, 0.067] [0.106, 0.03, 0.293, 0.077, 0.194, 0.024, 0.206, 0.07]
[-0.47878, 0.23571, -0.32791, -0.13845, 0.55253, 0.25721, 0.45437, 0.10304] 7 [0.051, 0.086, 0.025, 0.32, 0.061, 0.205, 0.007, 0.245] [0.071, 0.097, 0.03, 0.29, 0.062, 0.194, 0.034, 0.222]
[0.5616, 0.30269, 0.00356, -0.72122, 0.17962, 0.18438, 0.06799, 0.04395] 0 [0.311, 0.1, 0, 0.505, 0.042, 0.033, 0.005, 0.004] [0.286, 0.096, 0.022, 0.452, 0.043, 0.059, 0.012, 0.03]
[0.5616, 0.30269, 0.00356, -0.72122, 0.17962, 0.18438, 0.06799, 0.04395] 1 [0.003, 0.3, 0.107, 0, 0.513, 0.035, 0.04, 0.002] [0.032, 0.27, 0.112, 0.022, 0.456, 0.044, 0.045, 0.019]
[0.5616, 0.30269, 0.00356, -0.72122, 0.17962, 0.18438, 0.06799, 0.04395] 2 [0.005, 0.003, 0.313, 0.099, 0, 0.504, 0.038, 0.038] [0.024, 0.029, 0.277, 0.105, 0.023, 0.437, 0.05, 0.055]
[0.5616, 0.30269, 0.00356, -0.72122, 0.17962, 0.18438, 0.06799, 0.04395] 3 [0.036, 0.004, 0.001, 0.3, 0.101, 0, 0.527, 0.031] [0.047, 0.013, 0.028, 0.288, 0.089, 0.016, 0.469, 0.05]
[0.5616, 0.30269, 0.00356, -0.72122, 0.17962, 0.18438, 0.06799, 0.04395] 4 [0.043, 0.026, 0.003, 0.002, 0.306, 0.091, 0, 0.529] [0.052, 0.051, 0.022, 0.026, 0.3, 0.078, 0.032, 0.439]
[0.5616, 0.30269, 0.00356, -0.72122, 0.17962, 0.18438, 0.06799, 0.04395] 5 [0.509, 0.022, 0.026, 0.005, 0, 0.333, 0.105, 0] [0.439, 0.054, 0.039, 0.023, 0.027, 0.284, 0.116, 0.018]
[0.5616, 0.30269, 0.00356, -0.72122, 0.17962, 0.18438, 0.06799, 0.04395] 6 [0, 0.517, 0.046, 0.038, 0.01, 0.004, 0.285, 0.1] [0.019, 0.424, 0.046, 0.052, 0.017, 0.028, 0.308, 0.106]
[0.5616, 0.30269, 0.00356, -0.72122, 0.17962, 0.18438, 0.06799, 0.04395] 7 [0.099, 0, 0.541, 0.033, 0.029, 0.006, 0.003, 0.289] [0.09, 0.021, 0.447, 0.058, 0.048, 0.018, 0.028, 0.29]
[-0.62259, -0.56297, 0.16465, -0.13754, 0.11163, 0.3886, -0.10074, -0.27531] 0 [0.375, 0.318, 0.027, 0.024, 0.01, 0.172, 0.006, 0.068] [0.346, 0.287, 0.038, 0.042, 0.037, 0.153, 0.013, 0.084]
[-0.62259, -0.56297, 0.16465, -0.13754, 0.11163, 0.3886, -0.10074, -0.27531] 1 [0.078, 0.355, 0.331, 0.032, 0.023, 0.012, 0.158, 0.011] [0.081, 0.356, 0.299, 0.051, 0.036, 0.022, 0.135, 0.02]
[-0.62259, -0.56297, 0.16465, -0.13754, 0.11163, 0.3886, -0.10074, -0.27531] 2 [0.009, 0.076, 0.373, 0.309, 0.021, 0.023, 0.017, 0.172] [0.019, 0.077, 0.366, 0.28, 0.035, 0.035, 0.035, 0.153]
[-0.62259, -0.56297, 0.16465, -0.13754, 0.11163, 0.3886, -0.10074, -0.27531] 3 [0.15, 0.013, 0.072, 0.382, 0.333, 0.024, 0.016, 0.01] [0.159, 0.017, 0.093, 0.347, 0.277, 0.042, 0.035, 0.03]
[-0.62259, -0.56297, 0.16465, -0.13754, 0.11163, 0.3886, -0.10074, -0.27531] 4 [0.007, 0.153, 0.006, 0.083, 0.378, 0.322, 0.029, 0.022] [0.052, 0.154, 0.013, 0.078, 0.375, 0.261, 0.038, 0.029]
[-0.62259, -0.56297, 0.16465, -0.13754, 0.11163, 0.3886, -0.10074, -0.27531] 5 [0.022, 0.009, 0.148, 0.004, 0.078, 0.376, 0.334, 0.029] [0.035, 0.031, 0.136, 0.028, 0.087, 0.351, 0.287, 0.045]
[-0.62259, -0.56297, 0.16465, -0.13754, 0.11163, 0.3886, -0.10074, -0.27531] 6 [0.023, 0.018, 0.015, 0.146, 0.008, 0.078, 0.393, 0.319] [0.033, 0.034, 0.04, 0.154, 0.018, 0.077, 0.35, 0.294]
[-0.62259, -0.56297, 0.16465, -0.13754, 0.11163, 0.3886, -0.10074, -0.27531] 7 [0.344, 0.02, 0.016, 0.015, 0.133, 0.006, 0.072, 0.394] [0.297, 0.04, 0.037, 0.049, 0.14, 0.018, 0.07, 0.349]
[0.00392, 0.76562, 0.22143, 0.50965, 0.15753, -0.23887, 0.1167, -0.09769] 0 [0, 0.593, 0.045, 0.274, 0.021, 0.049, 0.011, 0.007] [0.019, 0.54, 0.053, 0.239, 0.037, 0.076, 0.015, 0.021]
[0.00392, 0.76562, 0.22143, 0.50965, 0.15753, -0.23887, 0.1167, -0.09769] 1 [0.007, 0, 0.589, 0.049, 0.261, 0.023, 0.056, 0.015] [0.029, 0.014, 0.53, 0.062, 0.227, 0.041, 0.071, 0.026]
[0.00392, 0.76562, 0.22143, 0.50965, 0.15753, -0.23887, 0.1167, -0.09769] 2 [0.012, 0.006, 0, 0.599, 0.053, 0.251, 0.023, 0.056] [0.021, 0.041, 0.026, 0.507, 0.059, 0.241, 0.033, 0.072]
[0.00392, 0.76562, 0.22143, 0.50965, 0.15753, -0.23887, 0.1167, -0.09769] 3 [0.046, 0.013, 0.009, 0, 0.608, 0.049, 0.254, 0.021] [0.082, 0.019, 0.036, 0.013, 0.519, 0.049, 0.245, 0.037]
[0.00392, 0.76562, 0.22143, 0.50965, 0.15753, -0.23887, 0.1167, -0.09769] 4 [0.019, 0.058, 0.017, 0.005, 0, 0.6, 0.049, 0.252] [0.042, 0.08, 0.032, 0.026, 0.024, 0.506, 0.063, 0.227]
[0.00392, 0.76562, 0.22143, 0.50965, 0.15753, -0.23887, 0.1167, -0.09769] 5 [0.269, 0.03, 0.052, 0.014, 0.005, 0, 0.579, 0.051] [0.239, 0.029, 0.084, 0.021, 0.024, 0.014, 0.543, 0.046]
[0.00392, 0.76562, 0.22143, 0.50965, 0.15753, -0.23887, 0.1167, -0.09769] 6 [0.048, 0.236, 0.026, 0.057, 0.013, 0.01, 0, 0.61] [0.041, 0.242, 0.041, 0.076, 0.017, 0.038, 0.02, 0.525]
[0.00392, 0.76562, 0.22143, 0.50965, 0.15753, -0.23887, 0.1167, -0.09769] 7 [0.614, 0.04, 0.252, 0.027, 0.05, 0.009, 0.008, 0] [0.517, 0.057, 0.258, 0.04, 0.068, 0.017, 0.025, 0.018]
[-0.61387, 0.09519, -0.63336, 0.37096, 0.11654, -0.0533, 0.1465, -0.19353] 0 [0.39, 0.012, 0.412, 0.11, 0.014, 0.001, 0.023, 0.038] [0.355, 0.026, 0.378, 0.124, 0.019, 0.012, 0.054, 0.032]
[-0.61387, 0.09519, -0.63336, 0.37096, 0.11654, -0.0533, 0.1465, -0.19353] 1 [0.041, 0.374, 0.006, 0.397, 0.141, 0.018, 0.002, 0.021] [0.056, 0.332, 0.037, 0.372, 0.124, 0.031, 0.012, 0.036]
[-0.61387, 0.09519, -0.63336, 0.37096, 0.11654, -0.0533, 0.1465, -0.19353] 2 [0.019, 0.05, 0.394, 0.007, 0.386, 0.135, 0.008, 0.001] [0.04, 0.046, 0.331, 0.024, 0.378, 0.123, 0.04, 0.018]
[-0.61387, 0.09519, -0.63336, 0.37096, 0.11654, -0.0533, 0.1465, -0.19353] 3 [0.001, 0.021, 0.032, 0.356, 0.012, 0.406, 0.158, 0.014] [0.015, 0.055, 0.048, 0.338, 0.022, 0.37, 0.124, 0.028]
[-0.61387, 0.09519, -0.63336, 0.37096, 0.11654, -0.0533, 0.1465, -0.19353] 4 [0.007, 0.002, 0.028, 0.037, 0.397, 0.009, 0.386, 0.134] [0.039, 0.008, 0.035, 0.055, 0.354, 0.024, 0.365, 0.12]
[-0.61387, 0.09519, -0.63336, 0.37096, 0.11654, -0.0533, 0.1465, -0.19353] 5 [0.143, 0.011, 0.003, 0.019, 0.033, 0.386, 0.008, 0.397] [0.145, 0.036, 0.009, 0.043, 0.05, 0.334, 0.029, 0.354]
[-0.61387, 0.09519, -0.63336, 0.37096, 0.11654, -0.0533, 0.1465, -0.19353] 6 [0.381, 0.154, 0.015, 0.003, 0.019, 0.043, 0.376, 0.009] [0.392, 0.124, 0.03, 0.012, 0.034, 0.042, 0.341, 0.025]
[-0.61387, 0.09519, -0.63336, 0.37096, 0.11654, -0.0533, 0.1465, -0.19353] 7 [0.011, 0.42, 0.142, 0.011, 0.004, 0.02, 0.032, 0.36] [0.027, 0.339, 0.13, 0.043, 0.012, 0.035, 0.055, 0.359]
[0.48889, -0.17307, 0.02776, -0.14547, -0.55537, -0.62672, -0.08637, 0.02077] 0 [0.229, 0.028, 0, 0.021, 0.304, 0.41, 0.008, 0] [0.229, 0.074, 0.016, 0.033, 0.277, 0.345, 0.014, 0.012]
[0.48889, -0.17307, 0.02776, -0.14547, -0.55537, -0.62672, -0.08637, 0.02077] 1 [0, 0.246, 0.022, 0.003, 0.018, 0.317, 0.388, 0.006] [0.023, 0.231, 0.048, 0.025, 0.03, 0.288, 0.332, 0.023]
[0.48889, -0.17307, 0.02776, -0.14547, -0.55537, -0.62672, -0.08637, 0.02077] 2 [0.005, 0, 0.224, 0.026, 0, 0.022, 0.316, 0.407] [0.024, 0.017, 0.249, 0.047, 0.009, 0.033, 0.293, 0.328]
[0.48889, -0.17307, 0.02776, -0.14547, -0.55537, -0.62672, -0.08637, 0.02077] 3 [0.385, 0.009, 0, 0.249, 0.027, 0, 0.023, 0.307] [0.339, 0.025, 0.02, 0.239, 0.048, 0.019, 0.035, 0.275]
[0.48889, -0.17307, 0.02776, -0.14547, -0.55537, -0.62672, -0.08637, 0.02077] 4 [0.288, 0.405, 0.008, 0, 0.241, 0.038, 0.001, 0.019] [0.295, 0.328, 0.025, 0.015, 0.241, 0.047, 0.019, 0.03]
[0.48889, -0.17307, 0.02776, -0.14547, -0.55537, -0.62672, -0.08637, 0.02077] 5 [0.025, 0.319, 0.389, 0.007, 0, 0.227, 0.033, 0] [0.042, 0.3, 0.342, 0.026, 0.009, 0.221, 0.05, 0.01]
[0.48889, -0.17307, 0.02776, -0.14547, -0.55537, -0.62672, -0.08637, 0.02077] 6 [0.001, 0.022, 0.302, 0.402, 0.011, 0.001, 0.231, 0.03] [0.011, 0.033, 0.283, 0.334, 0.021, 0.013, 0.252, 0.053]
[0.48889, -0.17307, 0.02776, -0.14547, -0.55537, -0.62672, -0.08637, 0.02077] 7 [0.022, 0.002, 0.021, 0.297, 0.399, 0.009, 0, 0.25] [0.056, 0.013, 0.023, 0.304, 0.345, 0.017, 0.018, 0.224]
[-0.14789, -0.55604, -0.05097, 0.6325, -0.32283, 0.00575, -0.24568, 0.31888] 0 [0.029, 0.311, 0.003, 0.395, 0.102, 0, 0.069, 0.091] [0.039, 0.29, 0.018, 0.368, 0.094, 0.014, 0.074, 0.103]
[-0.14789, -0.55604, -0.05097, 0.6325, -0.32283, 0.00575, -0.24568, 0.31888] 1 [0.094, 0.015, 0.294, 0.002, 0.424, 0.116, 0, 0.055] [0.117, 0.034, 0.253, 0.019, 0.376, 0.101, 0.029, 0.071]
[-0.14789, -0.55604, -0.05097, 0.6325, -0.32283, 0.00575, -0.24568, 0.31888] 2 [0.058, 0.113, 0.023, 0.324, 0.003, 0.378, 0.101, 0] [0.066, 0.1, 0.038, 0.294, 0.025, 0.345, 0.107, 0.025]
[-0.14789, -0.55604, -0.05097, 0.6325, -0.32283, 0.00575, -0.24568, 0.31888] 3 [0, 0.065, 0.099, 0.026, 0.292, 0.001, 0.408, 0.109] [0.016, 0.064, 0.106, 0.03, 0.28, 0.019, 0.38, 0.105]
[-0.14789, -0.55604, -0.05097, 0.6325, -0.32283, 0.00575, -0.24568, 0.31888] 4 [0.101, 0, 0.059, 0.099, 0.019, 0.334, 0.002, 0.386] [0.112, 0.027, 0.067, 0.108, 0.035, 0.29, 0.016, 0.345]
[-0.14789, -0.55604, -0.05097, 0.6325, -0.32283, 0.00575, -0.24568, 0.31888] 5 [0.39, 0.119, 0, 0.07, 0.086, 0.021, 0.311, 0.003] [0.371, 0.098, 0.021, 0.069, 0.121, 0.036, 0.269, 0.015]
[-0.14789, -0.55604, -0.05097, 0.6325, -0.32283, 0.00575, -0.24568, 0.31888] 6 [0.005, 0.386, 0.115, 0.001, 0.058, 0.098, 0.018, 0.319] [0.02, 0.351, 0.112, 0.024, 0.046, 0.122, 0.038, 0.287]
[-0.14789, -0.55604, -0.05097, 0.6325, -0.32283, 0.00575, -0.24568, 0.31888] 7 [0.312, 0.006, 0.425, 0.094, 0, 0.063, 0.078, 0.022] [0.271, 0.024, 0.401, 0.102, 0.02, 0.042, 0.109, 0.031]
[0.37349, 0.05823, 0.39763, 0.24549, 0.51258, -0.18975, -0.4755, -0.3375] 0 [0.159, 0.002, 0.146, 0.06, 0.246, 0.03, 0.224, 0.133] [0.131, 0.018, 0.157, 0.049, 0.259, 0.041, 0.236, 0.109]
[0.37349, 0.05823, 0.39763, 0.24549, 0.51258, -0.18975, -0.4755, -0.3375] 1 [0.102, 0.142, 0.004, 0.16, 0.06, 0.262, 0.034, 0.236] [0.124, 0.139, 0.017, 0.156, 0.071, 0.234, 0.046, 0.213]
[0.37349, 0.05823, 0.39763, 0.24549, 0.51258, -0.18975, -0.4755, -0.3375] 2 [0.223, 0.102, 0.165, 0.005, 0.148, 0.052, 0.27, 0.035] [0.21, 0.123, 0.14, 0.007, 0.141, 0.064, 0.262, 0.053]
[0.37349, 0.05823, 0.39763, 0.24549, 0.51258, -0.18975, -0.4755, -0.3375] 3 [0.028, 0.225, 0.105, 0.14, 0.004, 0.162, 0.064, 0.272] [0.052, 0.205, 0.136, 0.142, 0.021, 0.145, 0.065, 0.234]
[0.37349, 0.05823, 0.39763, 0.24549, 0.51258, -0.18975, -0.4755, -0.3375] 4 [0.261, 0.044, 0.221, 0.105, 0.141, 0.003, 0.15, 0.075] [0.233, 0.043, 0.224, 0.127, 0.14, 0.013, 0.162, 0.058]
[0.37349, 0.05823, 0.39763, 0.24549, 0.51258, -0.18975, -0.4755, -0.3375] 5 [0.076, 0.252, 0.034, 0.23, 0.131, 0.118, 0.005, 0.154] [0.062, 0.243, 0.045, 0.211, 0.122, 0.132, 0.021, 0.164]
[0.37349, 0.05823, 0.39763, 0.24549, 0.51258, -0.18975, -0.4755, -0.3375] 6 [0.164, 0.068, 0.274, 0.04, 0.201, 0.126, 0.125, 0.002] [0.152, 0.054, 0.261, 0.049, 0.221, 0.097, 0.151, 0.015]
[0.37349, 0.05823, 0.39763, 0.24549, 0.51258, -0.18975, -0.4755, -0.3375] 7 [0.004, 0.159, 0.055, 0.283, 0.038, 0.226, 0.108, 0.127] [0.012, 0.164, 0.058, 0.28, 0.044, 0.201, 0.107, 0.134]
[0.14828, -0.09757, 0.31083, 0.2828, -0.30193, -0.82594, -0.04213, 0.1296] 0 [0.023, 0.011, 0.088, 0.074, 0.092, 0.693, 0.004, 0.015] [0.048, 0.037, 0.106, 0.082, 0.083, 0.593, 0.011, 0.04]
[0.14828, -0.09757, 0.31083, 0.2828, -0.30193, -0.82594, -0.04213, 0.1296] 1 [0.018, 0.027, 0.009, 0.097, 0.096, 0.089, 0.664, 0] [0.024, 0.033, 0.04, 0.09, 0.074, 0.108, 0.614, 0.017]
[0.14828, -0.09757, 0.31083, 0.2828, -0.30193, -0.82594, -0.04213, 0.1296] 2 [0.003, 0.019, 0.026, 0.009, 0.108, 0.08, 0.099, 0.656] [0.013, 0.044, 0.036, 0.036, 0.079, 0.083, 0.115, 0.594]
[0.14828, -0.09757, 0.31083, 0.2828, -0.30193, -0.82594, -0.04213, 0.1296] 3 [0.684, 0.005, 0.019, 0.019, 0.009, 0.093, 0.077, 0.094] [0.592, 0.021, 0.048, 0.022, 0.042, 0.093, 0.083, 0.099]
[0.14828, -0.09757, 0.31083, 0.2828, -0.30193, -0.82594, -0.04213, 0.1296] 4 [0.101, 0.67, 0.002, 0.009, 0.024, 0.007, 0.098, 0.089] [0.098, 0.58, 0.013, 0.039, 0.041, 0.033, 0.092, 0.104]
[0.14828, -0.09757, 0.31083, 0.2828, -0.30193, -0.82594, -0.04213, 0.1296] 5 [0.077, 0.091, 0.698, 0.001, 0.018, 0.019, 0.01, 0.086] [0.074, 0.088, 0.634, 0.016, 0.028, 0.029, 0.039, 0.092]
[0.14828, -0.09757, 0.31083, 0.2828, -0.30193, -0.82594, -0.04213, 0.1296] 6 [0.093, 0.069, 0.086, 0.695, 0.002, 0.02, 0.027, 0.008] [0.105, 0.099, 0.094, 0.591, 0.009, 0.036, 0.031, 0.035]
[0.14828, -0.09757, 0.31083, 0.2828, -0.30193, -0.82594, -0.04213, 0.1296] 7 [0.009, 0.097, 0.09, 0.096, 0.668, 0, 0.015, 0.025] [0.055, 0.101, 0.074, 0.1, 0.564, 0.021, 0.05, 0.035]
[0.00719, -0.03492, -0.26021, 0.63521, -0.54152, 0.30818, 0.37173, -0.03359] 0 [0.001, 0.003, 0.066, 0.422, 0.301, 0.069, 0.138, 0] [0.008, 0.023, 0.083, 0.345, 0.257, 0.096, 0.157, 0.031]
[0.00719, -0.03492, -0.26021, 0.63521, -0.54152, 0.30818, 0.37173, -0.03359] 1 [0.001, 0.001, 0.002, 0.065, 0.399, 0.318, 0.096, 0.118] [0.026, 0.026, 0.019, 0.074, 0.338, 0.264, 0.101, 0.152]
[0.00719, -0.03492, -0.26021, 0.63521, -0.54152, 0.30818, 0.37173, -0.03359] 2 [0.118, 0.003, 0, 0, 0.067, 0.392, 0.303, 0.117] [0.144, 0.022, 0.017, 0.014, 0.091, 0.342, 0.28, 0.09]
[0.00719, -0.03492, -0.26021, 0.63521, -0.54152, 0.30818, 0.37173, -0.03359] 3 [0.096, 0.127, 0, 0, 0.001, 0.059, 0.415, 0.302] [0.106, 0.145, 0.02, 0.012, 0.011, 0.078, 0.348, 0.28]
[0.00719, -0.03492, -0.26021, 0.63521, -0.54152, 0.30818, 0.37173, -0.03359] 4 [0.281, 0.09, 0.16, 0.001, 0, 0, 0.065, 0.403] [0.254, 0.09, 0.144, 0.04, 0.026, 0.013, 0.077, 0.356]
[0.00719, -0.03492, -0.26021, 0.63521, -0.54152, 0.30818, 0.37173, -0.03359] 5 [0.413, 0.287, 0.077, 0.15, 0.001, 0, 0.002, 0.07] [0.335, 0.277, 0.096, 0.133, 0.031, 0.013, 0.02, 0.095]
[0.00719, -0.03492, -0.26021, 0.63521, -0.54152, 0.30818, 0.37173, -0.03359] 6 [0.066, 0.407, 0.309, 0.094, 0.123, 0, 0, 0.001] [0.084, 0.347, 0.272, 0.093, 0.144, 0.026, 0.025, 0.009]
[0.00719, -0.03492, -0.26021, 0.63521, -0.54152, 0.30818, 0.37173, -0.03359] 7 [0.004, 0.066, 0.411, 0.312, 0.082, 0.124, 0.001, 0] [0.021, 0.095, 0.351, 0.264, 0.095, 0.132, 0.018, 0.024]
[-0.2172, -0.07035, -0.78503, -0.38843, -0.06404, -0.16218, -0.36906, 0.1188] 0 [0.07, 0.007, 0.601, 0.141, 0.002, 0.022, 0.141, 0.016] [0.057, 0.017, 0.578, 0.154, 0.014, 0.023, 0.137, 0.02]
[-0.2172, -0.07035, -0.78503, -0.38843, -0.06404, -0.16218, -0.36906, 0.1188] 1 [0.015, 0.052, 0.002, 0.633, 0.147, 0.004, 0.025, 0.122] [0.027, 0.052, 0.02, 0.564, 0.133, 0.02, 0.024, 0.16]
[-0.2172, -0.07035, -0.78503, -0.38843, -0.06404, -0.16218, -0.36906, 0.1188] 2 [0.129, 0.012, 0.037, 0.003, 0.649, 0.143, 0.003, 0.024] [0.152, 0.038, 0.055, 0.01, 0.546, 0.143, 0.017, 0.039]
[-0.2172, -0.07035, -0.78503, -0.38843, -0.06404, -0.16218, -0.36906, 0.1188] 3 [0.027, 0.141, 0.013, 0.044, 0.002, 0.596, 0.173, 0.004] [0.037, 0.146, 0.031, 0.045, 0.023, 0.546, 0.153, 0.019]
[-0.2172, -0.07035, -0.78503, -0.38843, -0.06404, -0.16218, -0.36906, 0.1188] 4 [0.002, 0.027, 0.135, 0.014, 0.047, 0.004, 0.631, 0.14] [0.017, 0.031, 0.132, 0.037, 0.061, 0.021, 0.554, 0.147]
[-0.2172, -0.07035, -0.78503, -0.38843, -0.06404, -0.16218, -0.36906, 0.1188] 5 [0.148, 0.004, 0.025, 0.137, 0.014, 0.051, 0.007, 0.614] [0.151, 0.023, 0.024, 0.144, 0.025, 0.066, 0.023, 0.544]
[-0.2172, -0.07035, -0.78503, -0.38843, -0.06404, -0.16218, -0.36906, 0.1188] 6 [0.611, 0.162, 0.004, 0.031, 0.141, 0.017, 0.033, 0.001] [0.522, 0.165, 0.021, 0.035, 0.155, 0.028, 0.061, 0.013]
[-0.2172, -0.07035, -0.78503, -0.38843, -0.06404, -0.16218, -0.36906, 0.1188] 7 [0.003, 0.605, 0.163, 0.001, 0.03, 0.133, 0.019, 0.046] [0.021, 0.578, 0.15, 0.017, 0.019, 0.141, 0.033, 0.041]
[0.47134, 0.44604, -0.06075, -0.64004, -0.15105, -0.13319, 0.33594, 0.1102] 0 [0.213, 0.195, 0.005, 0.422, 0.021, 0.019, 0.117, 0.008] [0.191, 0.207, 0.024, 0.392, 0.036, 0.036, 0.084, 0.03]
[0.47134, 0.44604, -0.06075, -0.64004, -0.15105, -0.13319, 0.33594, 0.1102] 1 [0.009, 0.228, 0.174, 0.003, 0.43, 0.024, 0.02, 0.112] [0.042, 0.21, 0.188, 0.028, 0.341, 0.041, 0.041, 0.109]
[0.47134, 0.44604, -0.06075, -0.64004, -0.15105, -0.13319, 0.33594, 0.1102] 2 [0.125, 0.012, 0.228, 0.199, 0.001, 0.397, 0.021, 0.017] [0.121, 0.055, 0.171, 0.199, 0.027, 0.353, 0.035, 0.039]
[0.47134, 0.44604, -0.06075, -0.64004, -0.15105, -0.13319, 0.33594, 0.1102] 3 [0.013, 0.113, 0.013, 0.247, 0.215, 0.002, 0.383, 0.014] [0.034, 0.106, 0.037, 0.178, 0.199, 0.029, 0.387, 0.03]
[0.47134, 0.44604, -0.06075, -0.64004, -0.15105, -0.13319, 0.33594, 0.1102] 4 [0.032, 0.024, 0.107, 0.012, 0.22, 0.199, 0.006, 0.4] [0.044, 0.026, 0.108, 0.037, 0.199, 0.181, 0.024, 0.381]
[0.47134, 0.44604, -0.06075, -0.64004, -0.15105, -0.13319, 0.33594, 0.1102] 5 [0.408, 0.023, 0.014, 0.11, 0.009, 0.234, 0.201, 0.001] [0.356, 0.038, 0.044, 0.112, 0.047, 0.197, 0.185, 0.021]
[0.47134, 0.44604, -0.06075, -0.64004, -0.15105, -0.13319, 0.33594, 0.1102] 6 [0.003, 0.417, 0.029, 0.019, 0.1, 0.01, 0.233, 0.189] [0.026, 0.359, 0.029, 0.04, 0.114, 0.033, 0.21, 0.189]
[0.47134, 0.44604, -0.06075, -0.64004, -0.15105, -0.13319, 0.33594, 0.1102] 7 [0.21, 0.003, 0.422, 0.024, 0.021, 0.126, 0.013, 0.181] [0.164, 0.031, 0.38, 0.038, 0.026, 0.113, 0.032, 0.216]
[0.31189, 0.14934, -0.654, -0.44206, 0.00687, -0.11312, 0.45669, -0.18944] 0 [0.091, 0.026, 0.43, 0.181, 0, 0.009, 0.216, 0.047] [0.098, 0.039, 0.396, 0.199, 0.016, 0.024, 0.176, 0.052]
[0.31189, 0.14934, -0.654, -0.44206, 0.00687, -0.11312, 0.45669, -0.18944] 1 [0.033, 0.084, 0.017, 0.444, 0.19, 0, 0.014, 0.218] [0.045, 0.112, 0.034, 0.378, 0.178, 0.02, 0.023, 0.21]
[0.31189, 0.14934, -0.654, -0.44206, 0.00687, -0.11312, 0.45669, -0.18944] 2 [0.204, 0.039, 0.104, 0.025, 0.424, 0.189, 0, 0.015] [0.203, 0.054, 0.102, 0.029, 0.376, 0.193, 0.021, 0.022]
[0.31189, 0.14934, -0.654, -0.44206, 0.00687, -0.11312, 0.45669, -0.18944] 3 [0.014, 0.203, 0.046, 0.11, 0.02, 0.404, 0.203, 0] [0.026, 0.218, 0.042, 0.103, 0.044, 0.388, 0.165, 0.014]
[0.31189, 0.14934, -0.654, -0.44206, 0.00687, -0.11312, 0.45669, -0.18944] 4 [0, 0.019, 0.201, 0.027, 0.098, 0.031, 0.415, 0.209] [0.023, 0.017, 0.206, 0.063, 0.102, 0.033, 0.373, 0.183]
[0.31189, 0.14934, -0.654, -0.44206, 0.00687, -0.11312, 0.45669, -0.18944] 5 [0.206, 0, 0.014, 0.192, 0.033, 0.1, 0.018, 0.437] [0.169, 0.015, 0.022, 0.227, 0.043, 0.106, 0.029, 0.389]
[0.31189, 0.14934, -0.654, -0.44206, 0.00687, -0.11312, 0.45669, -0.18944] 6 [0.428, 0.189, 0, 0.01, 0.195, 0.053, 0.099, 0.026] [0.39, 0.184, 0.015, 0.025, 0.212, 0.048, 0.102, 0.024]
[0.31189, 0.14934, -0.654, -0.44206, 0.00687, -0.11312, 0.45669, -0.18944] 7 [0.021, 0.442, 0.198, 0, 0.022, 0.191, 0.029, 0.097] [0.034, 0.393, 0.17, 0.012, 0.021, 0.218, 0.054, 0.098]
[0.04256, -0.64387, 0.59277, 0.1492, 0.05788, 0.04984, -0.27632, 0.35749] 0 [0.005, 0.424, 0.359, 0.018, 0.003, 0, 0.066, 0.125] [0.022, 0.375, 0.306, 0.045, 0.022, 0.024, 0.081, 0.125]
[0.04256, -0.64387, 0.59277, 0.1492, 0.05788, 0.04984, -0.27632, 0.35749] 1 [0.14, 0.003, 0.421, 0.33, 0.033, 0.002, 0.004, 0.067] [0.125, 0.026, 0.353, 0.331, 0.037, 0.02, 0.026, 0.082]
[0.04256, -0.64387, 0.59277, 0.1492, 0.05788, 0.04984, -0.27632, 0.35749] 2 [0.088, 0.134, 0, 0.416, 0.337, 0.014, 0.007, 0.004] [0.064, 0.133, 0.023, 0.348, 0.318, 0.057, 0.023, 0.034]
[0.04256, -0.64387, 0.59277, 0.1492, 0.05788, 0.04984, -0.27632, 0.35749] 3 [0, 0.077, 0.128, 0, 0.408, 0.364, 0.017, 0.006] [0.03, 0.072, 0.107, 0.021, 0.377, 0.335, 0.037, 0.021]
[0.04256, -0.64387, 0.59277, 0.1492, 0.05788, 0.04984, -0.27632, 0.35749] 4 [0.002, 0.003, 0.095, 0.136, 0.001, 0.407, 0.33, 0.026] [0.02, 0.034, 0.08, 0.099, 0.028, 0.358, 0.331, 0.05]
[0.04256, -0.64387, 0.59277, 0.1492, 0.05788, 0.04984, -0.27632, 0.35749] 5 [0.024, 0.003, 0.005, 0.079, 0.14, 0.001, 0.42, 0.328] [0.032, 0.014, 0.023, 0.082, 0.126, 0.021, 0.372, 0.33]
[0.04256, -0.64387, 0.59277, 0.1492, 0.05788, 0.04984, -0.27632, 0.35749] 6 [0.378, 0.02, 0.003, 0.002, 0.061, 0.129, 0.001, 0.406] [0.316, 0.027, 0.019, 0.023, 0.1, 0.116, 0.018, 0.381]
[0.04256, -0.64387, 0.59277, 0.1492, 0.05788, 0.04984, -0.27632, 0.35749] 7 [0.423, 0.345, 0.017, 0.005, 0, 0.081, 0.128, 0.001] [0.374, 0.317, 0.038, 0.012, 0.021, 0.067, 0.145, 0.026]
[0.28111, 0.0753, -0.06431, -0.28504, 0.4326, -0.13475, 0.28765, -0.73613] 0 [0.081, 0.01, 0.004, 0.089, 0.192, 0.018, 0.068, 0.538] [0.064, 0.012, 0.023, 0.1, 0.169, 0.044, 0.086, 0.502]
[0.28111, 0.0753, -0.06431, -0.28504, 0.4326, -0.13475, 0.28765, -0.73613] 1 [0.56, 0.072, 0.001, 0.006, 0.068, 0.199, 0.021, 0.073] [0.458, 0.088, 0.028, 0.014, 0.11, 0.162, 0.028, 0.112]
[0.28111, 0.0753, -0.06431, -0.28504, 0.4326, -0.13475, 0.28765, -0.73613] 2 [0.089, 0.549, 0.066, 0.008, 0.003, 0.087, 0.177, 0.021] [0.097, 0.499, 0.085, 0.018, 0.021, 0.081, 0.16, 0.039]
[0.28111, 0.0753, -0.06431, -0.28504, 0.4326, -0.13475, 0.28765, -0.73613] 3 [0.015, 0.084, 0.541, 0.092, 0.008, 0.003, 0.076, 0.181] [0.026, 0.098, 0.449, 0.094, 0.018, 0.014, 0.112, 0.189]
[0.28111, 0.0753, -0.06431, -0.28504, 0.4326, -0.13475, 0.28765, -0.73613] 4 [0.202, 0.013, 0.097, 0.516, 0.072, 0.003, 0.002, 0.095] [0.179, 0.031, 0.068, 0.501, 0.087, 0.016, 0.022, 0.096]
[0.28111, 0.0753, -0.06431, -0.28504, 0.4326, -0.13475, 0.28765, -0.73613] 5 [0.086, 0.17, 0.018, 0.08, 0.54, 0.089, 0.01, 0.007] [0.106, 0.177, 0.042, 0.094, 0.465, 0.079, 0.025, 0.012]
[0.28111, 0.0753, -0.06431, -0.28504, 0.4326, -0.13475, 0.28765, -0.73613] 6 [0.005, 0.089, 0.179, 0.017, 0.091, 0.527, 0.085, 0.007] [0.025, 0.102, 0.176, 0.029, 0.095, 0.479, 0.075, 0.019]
[0.28111, 0.0753, -0.06431, -0.28504, 0.4326, -0.13475, 0.28765, -0.73613] 7 [0.005, 0.004, 0.069, 0.158, 0.018, 0.098, 0.581, 0.067] [0.019, 0.019, 0.082, 0.187, 0.042, 0.094, 0.46, 0.097]
[-0.18392, -0.61074, -0.03483, 0.27021, 0.60667, 0.03262, -0.35542, 0.15331] 0 [0.05, 0.37, 0.001, 0.055, 0.384, 0.002, 0.114, 0.024] [0.061, 0.321, 0.019, 0.081, 0.318, 0.035, 0.132, 0.033]
[-0.18392, -0.61074, -0.03483, 0.27021, 0.60667, 0.03262, -0.35542, 0.15331] 1 [0.029, 0.039, 0.388, 0, 0.057, 0.386, 0, 0.101] [0.038, 0.053, 0.302, 0.025, 0.072, 0.356, 0.035, 0.119]
[-0.18392, -0.61074, -0.03483, 0.27021, 0.60667, 0.03262, -0.35542, 0.15331] 2 [0.137, 0.023, 0.032, 0.346, 0.002, 0.07, 0.389, 0.001] [0.126, 0.032, 0.073, 0.337, 0.013, 0.062, 0.329, 0.028]
[-0.18392, -0.61074, -0.03483, 0.27021, 0.60667, 0.03262, -0.35542, 0.15331] 3 [0, 0.142, 0.03, 0.026, 0.368, 0.002, 0.064, 0.368] [0.027, 0.134, 0.028, 0.048, 0.338, 0.02, 0.08, 0.325]
[-0.18392, -0.61074, -0.03483, 0.27021, 0.60667, 0.03262, -0.35542, 0.15331] 4 [0.345, 0, 0.129, 0.022, 0.038, 0.374, 0.003, 0.089] [0.325, 0.04, 0.13, 0.048, 0.061, 0.311, 0.015, 0.07]
[-0.18392, -0.61074, -0.03483, 0.27021, 0.60667, 0.03262, -0.35542, 0.15331] 5 [0.079, 0.372, 0.001, 0.135, 0.019, 0.032, 0.359, 0.003] [0.078, 0.349, 0.022, 0.12, 0.039, 0.047, 0.323, 0.022]
[-0.18392, -0.61074, -0.03483, 0.27021, 0.60667, 0.03262, -0.35542, 0.15331] 6 [0.001, 0.06, 0.374, 0.001, 0.156, 0.022, 0.034, 0.352] [0.015, 0.068, 0.359, 0.027, 0.12, 0.036, 0.063, 0.312]
[-0.18392, -0.61074, -0.03483, 0.27021, 0.60667, 0.03262, -0.35542, 0.15331] 7 [0.347, 0.003, 0.071, 0.395, 0.002, 0.115, 0.031, 0.036] [0.344, 0.02, 0.078, 0.338, 0.032, 0.111, 0.033, 0.044]
[0.40401, -0.67919, -0.4179, -0.12367, 0.2594, 0.17632, 0.01608, -0.29478] 0 [0.165, 0.483, 0.17, 0.02, 0.063, 0.028, 0, 0.071] [0.16, 0.406, 0.159, 0.034, 0.072, 0.057, 0.015, 0.097]
[0.40401, -0.67919, -0.4179, -0.12367, 0.2594, 0.17632, 0.01608, -0.29478] 1 [0.084, 0.176, 0.463, 0.171, 0.02, 0.058, 0.028, 0] [0.084, 0.164, 0.425, 0.159, 0.031, 0.085, 0.037, 0.015]
[0.40401, -0.67919, -0.4179, -0.12367, 0.2594, 0.17632, 0.01608, -0.29478] 2 [0.001, 0.096, 0.164, 0.455, 0.157, 0.01, 0.079, 0.038] [0.017, 0.09, 0.151, 0.402, 0.158, 0.037, 0.085, 0.06]
[0.40401, -0.67919, -0.4179, -0.12367, 0.2594, 0.17632, 0.01608, -0.29478] 3 [0.039, 0, 0.096, 0.145, 0.463, 0.179, 0.022, 0.056] [0.055, 0.021, 0.091, 0.154, 0.388, 0.165, 0.035, 0.091]
[0.40401, -0.67919, -0.4179, -0.12367, 0.2594, 0.17632, 0.01608, -0.29478] 4 [0.061, 0.024, 0, 0.082, 0.165, 0.472, 0.179, 0.017] [0.085, 0.052, 0.009, 0.092, 0.179, 0.387, 0.16, 0.036]
[0.40401, -0.67919, -0.4179, -0.12367, 0.2594, 0.17632, 0.01608, -0.29478] 5 [0.014, 0.06, 0.033, 0, 0.102, 0.158, 0.465, 0.168] [0.024, 0.077, 0.052, 0.013, 0.098, 0.148, 0.405, 0.183]
[0.40401, -0.67919, -0.4179, -0.12367, 0.2594, 0.17632, 0.01608, -0.29478] 6 [0.174, 0.024, 0.066, 0.029, 0, 0.1, 0.162, 0.445] [0.158, 0.025, 0.08, 0.053, 0.016, 0.081, 0.166, 0.421]
[0.40401, -0.67919, -0.4179, -0.12367, 0.2594, 0.17632, 0.01608, -0.29478] 7 [0.483, 0.191, 0.017, 0.064, 0.023, 0.001, 0.08, 0.141] [0.429, 0.163, 0.032, 0.073, 0.056, 0.012, 0.084, 0.151]
[0.09307, -0.11495, 0.65227, 0.31231, 0.30396, 0.19886, 0.0931, -0.56083] 0 [0.007, 0.006, 0.435, 0.097, 0.079, 0.042, 0.009, 0.325] [0.024, 0.026, 0.368, 0.124, 0.086, 0.046, 0.052, 0.274]
[0.09307, -0.11495, 0.65227, 0.31231, 0.30396, 0.19886, 0.0931, -0.56083] 1 [0.334, 0.012, 0.017, 0.413, 0.091, 0.09, 0.04, 0.003] [0.295, 0.022, 0.032, 0.363, 0.125, 0.088, 0.039, 0.036]
[0.09307, -0.11495, 0.65227, 0.31231, 0.30396, 0.19886, 0.0931, -0.56083] 2 [0.01, 0.316, 0.006, 0.014, 0.434, 0.101, 0.081, 0.038] [0.034, 0.257, 0.011, 0.031, 0.387, 0.128, 0.109, 0.043]
[0.09307, -0.11495, 0.65227, 0.31231, 0.30396, 0.19886, 0.0931, -0.56083] 3 [0.04, 0.003, 0.329, 0.012, 0.014, 0.43, 0.081, 0.091] [0.045, 0.03, 0.314, 0.024, 0.025, 0.342, 0.125, 0.095]
[0.09307, -0.11495, 0.65227, 0.31231, 0.30396, 0.19886, 0.0931, -0.56083] 4 [0.083, 0.037, 0.009, 0.32, 0.005, 0.016, 0.438, 0.092] [0.08, 0.044, 0.036, 0.299, 0.017, 0.022, 0.384, 0.118]
[0.09307, -0.11495, 0.65227, 0.31231, 0.30396, 0.19886, 0.0931, -0.56083] 5 [0.096, 0.089, 0.049, 0.004, 0.299, 0.008, 0.023, 0.432] [0.108, 0.102, 0.059, 0.027, 0.26, 0.034, 0.033, 0.377]
[0.09307, -0.11495, 0.65227, 0.31231, 0.30396, 0.19886, 0.0931, -0.56083] 6 [0.412, 0.094, 0.117, 0.036, 0.004, 0.314, 0.012, 0.011] [0.372, 0.115, 0.096, 0.039, 0.041, 0.301, 0.021, 0.015]
[0.09307, -0.11495, 0.65227, 0.31231, 0.30396, 0.19886, 0.0931, -0.56083] 7 [0.01, 0.43, 0.086, 0.102, 0.039, 0.003, 0.318, 0.012] [0.03, 0.348, 0.146, 0.087, 0.044, 0.05, 0.265, 0.03]
[-0.17545, 0.31603, -0.30035, 0.02711, -0.45773, 0.06056, -0.6888, -0.30128] 0 [0.034, 0.105, 0.096, 0, 0.192, 0.005, 0.477, 0.091] [0.049, 0.109, 0.101, 0.011, 0.196, 0.011, 0.428, 0.095]
[-0.17545, 0.31603, -0.30035, 0.02711, -0.45773, 0.06056, -0.6888, -0.30128] 1 [0.088, 0.028, 0.116, 0.092, 0, 0.223, 0.003, 0.45] [0.105, 0.062, 0.09, 0.11, 0.017, 0.215, 0.02, 0.381]
[-0.17545, 0.31603, -0.30035, 0.02711, -0.45773, 0.06056, -0.6888, -0.30128] 2 [0.47, 0.096, 0.029, 0.095, 0.107, 0.002, 0.199, 0.002] [0.432, 0.094, 0.048, 0.088, 0.099, 0.014, 0.208, 0.017]
[-0.17545, 0.31603, -0.30035, 0.02711, -0.45773, 0.06056, -0.6888, -0.30128] 3 [0.002, 0.495, 0.089, 0.025, 0.101, 0.083, 0, 0.205] [0.029, 0.395, 0.099, 0.046, 0.102, 0.118, 0.022, 0.189]
[-0.17545, 0.31603, -0.30035, 0.02711, -0.45773, 0.06056, -0.6888, -0.30128] 4 [0.203, 0.006, 0.458, 0.082, 0.028, 0.12, 0.102, 0.001] [0.194, 0.023, 0.42, 0.106, 0.042, 0.101, 0.1, 0.014]
[-0.17545, 0.31603, -0.30035, 0.02711, -0.45773, 0.06056, -0.6888, -0.30128] 5 [0.001, 0.212, 0.003, 0.469, 0.094, 0.033, 0.105, 0.083] [0.019, 0.216, 0.023, 0.399, 0.098, 0.048, 0.096, 0.101]
[-0.17545, 0.31603, -0.30035, 0.02711, -0.45773, 0.06056, -0.6888, -0.30128] 6 [0.092, 0, 0.224, 0.002, 0.477, 0.08, 0.027, 0.098] [0.107, 0.017, 0.19, 0.014, 0.404, 0.093, 0.066, 0.109]
[-0.17545, 0.31603, -0.30035, 0.02711, -0.45773, 0.06056, -0.6888, -0.30128] 7 [0.114, 0.084, 0, 0.214, 0.002, 0.468, 0.083, 0.035] [0.101, 0.109, 0.02, 0.194, 0.015, 0.42, 0.092, 0.049]
[0.14107, -0.21075, -0.37912, 0.17631, -0.62604, -0.47587, -0.35753, 0.12104] 0 [0.024, 0.038, 0.148, 0.037, 0.398, 0.211, 0.12, 0.024] [0.042, 0.047, 0.12, 0.045, 0.362, 0.215, 0.136, 0.033]
[0.14107, -0.21075, -0.37912, 0.17631, -0.62604, -0.47587, -0.35753, 0.12104] 1 [0.017, 0.023, 0.041, 0.152, 0.018, 0.421, 0.218, 0.11] [0.02, 0.041, 0.048, 0.146, 0.063, 0.341, 0.219, 0.122]
[0.14107, -0.21075, -0.37912, 0.17631, -0.62604, -0.47587, -0.35753, 0.12104] 2 [0.134, 0.016, 0.019, 0.037, 0.138, 0.036, 0.392, 0.228] [0.128, 0.021, 0.049, 0.053, 0.16, 0.035, 0.347, 0.207]
[0.14107, -0.21075, -0.37912, 0.17631, -0.62604, -0.47587, -0.35753, 0.12104] 3 [0.242, 0.114, 0.019, 0.033, 0.04, 0.125, 0.036, 0.391] [0.223, 0.116, 0.032, 0.044, 0.042, 0.134, 0.041, 0.368]
[0.14107, -0.21075, -0.37912, 0.17631, -0.62604, -0.47587, -0.35753, 0.12104] 4 [0.415, 0.218, 0.126, 0.007, 0.022, 0.039, 0.147, 0.026] [0.356, 0.219, 0.134, 0.026, 0.052, 0.059, 0.114, 0.04]
[0.14107, -0.21075, -0.37912, 0.17631, -0.62604, -0.47587, -0.35753, 0.12104] 5 [0.026, 0.401, 0.219, 0.119, 0.014, 0.022, 0.049, 0.15] [0.053, 0.359, 0.196, 0.148, 0.025, 0.03, 0.045, 0.144]
[0.14107, -0.21075, -0.37912, 0.17631, -0.62604, -0.47587, -0.35753, 0.12104] 6 [0.144, 0.037, 0.379, 0.234, 0.127, 0.015, 0.024, 0.04] [0.141, 0.038, 0.359, 0.233, 0.122, 0.021, 0.035, 0.051]
[0.14107, -0.21075, -0.37912, 0.17631, -0.62604, -0.47587, -0.35753, 0.12104] 7 [0.044, 0.139, 0.028, 0.394, 0.221, 0.139, 0.014, 0.021] [0.061, 0.142, 0.043, 0.331, 0.213, 0.13, 0.03, 0.05]
[-0.12365, -0.04048, -0.00426, -0.173, -0.3106, 0.02412, -0.87152, -0.31068] 0 [0.016, 0.003, 0, 0.036, 0.087, 0, 0.762, 0.096] [0.029, 0.008, 0.02, 0.054, 0.098, 0.019, 0.661, 0.111]
[-0.12365, -0.04048, -0.00426, -0.173, -0.3106, 0.02412, -0.87152, -0.31068] 1 [0.114, 0.014, 0.001, 0, 0.029, 0.107, 0, 0.735] [0.096, 0.028, 0.014, 0.022, 0.046, 0.105, 0.024, 0.665]
[-0.12365, -0.04048, -0.00426, -0.173, -0.3106, 0.02412, -0.87152, -0.31068] 2 [0.78, 0.091, 0.016, 0, 0, 0.026, 0.086, 0.001] [0.676, 0.108, 0.028, 0.009, 0.042, 0.043, 0.091, 0.003]
[-0.12365, -0.04048, -0.00426, -0.173, -0.3106, 0.02412, -0.87152, -0.31068] 3 [0, 0.753, 0.107, 0.014, 0.002, 0, 0.026, 0.098] [0.006, 0.658, 0.098, 0.035, 0.011, 0.045, 0.04, 0.107]
[-0.12365, -0.04048, -0.00426, -0.173, -0.3106, 0.02412, -0.87152, -0.31068] 4 [0.1, 0.002, 0.766, 0.088, 0.011, 0.002, 0, 0.031] [0.092, 0.004, 0.709, 0.09, 0.023, 0.005, 0.034, 0.043]
[-0.12365, -0.04048, -0.00426, -0.173, -0.3106, 0.02412, -0.87152, -0.31068] 5 [0.028, 0.096, 0, 0.766, 0.097, 0.012, 0.001, 0] [0.041, 0.102, 0.009, 0.668, 0.105, 0.035, 0.007, 0.033]
[-0.12365, -0.04048, -0.00426, -0.173, -0.3106, 0.02412, -0.87152, -0.31068] 6 [0, 0.027, 0.081, 0, 0.789, 0.084, 0.019, 0] [0.023, 0.044, 0.116, 0.013, 0.645, 0.119, 0.025, 0.015]
[-0.12365, -0.04048, -0.00426, -0.173, -0.3106, 0.02412, -0.87152, -0.31068] 7 [0.002, 0, 0.033, 0.094, 0.002, 0.762, 0.088, 0.019] [0.011, 0.035, 0.045, 0.112, 0.027, 0.631, 0.104, 0.035]
[-0.31339, -0.45483, -0.42176, -0.11441, -0.10956, -0.56307, -0.0588, 0.41405] 0 [0.098, 0.221, 0.161, 0.016, 0.016, 0.326, 0, 0.162] [0.096, 0.19, 0.168, 0.03, 0.029, 0.284, 0.022, 0.181]
[-0.31339, -0.45483, -0.42176, -0.11441, -0.10956, -0.56307, -0.0588, 0.41405] 1 [0.183, 0.11, 0.209, 0.171, 0.016, 0.01, 0.297, 0.004] [0.16, 0.094, 0.186, 0.17, 0.04, 0.026, 0.306, 0.018]
[-0.31339, -0.45483, -0.42176, -0.11441, -0.10956, -0.56307, -0.0588, 0.41405] 2 [0.002, 0.165, 0.097, 0.187, 0.179, 0.012, 0.015, 0.343] [0.023, 0.163, 0.087, 0.208, 0.161, 0.034, 0.03, 0.294]
[-0.31339, -0.45483, -0.42176, -0.11441, -0.10956, -0.56307, -0.0588, 0.41405] 3 [0.306, 0.002, 0.182, 0.1, 0.207, 0.18, 0.008, 0.015] [0.304, 0.02, 0.176, 0.079, 0.185, 0.173, 0.028, 0.035]
[-0.31339, -0.45483, -0.42176, -0.11441, -0.10956, -0.56307, -0.0588, 0.41405] 4 [0.012, 0.348, 0.002, 0.169, 0.107, 0.189, 0.16, 0.013] [0.035, 0.295, 0.02, 0.156, 0.104, 0.183, 0.176, 0.031]
[-0.31339, -0.45483, -0.42176, -0.11441, -0.10956, -0.56307, -0.0588, 0.41405] 5 [0.016, 0.01, 0.336, 0.004, 0.163, 0.098, 0.213, 0.16] [0.028, 0.023, 0.299, 0.016, 0.166, 0.098, 0.215, 0.155]
[-0.31339, -0.45483, -0.42176, -0.11441, -0.10956, -0.56307, -0.0588, 0.41405] 6 [0.171, 0.016, 0.011, 0.328, 0.003, 0.186, 0.095, 0.19] [0.142, 0.031, 0.025, 0.287, 0.016, 0.177, 0.116, 0.206]
[-0.31339, -0.45483, -0.42176, -0.11441, -0.10956, -0.56307, -0.0588, 0.41405] 7 [0.223, 0.17, 0.008, 0.006, 0.31, 0.002, 0.181, 0.1] [0.192, 0.165, 0.031, 0.028, 0.27, 0.02, 0.184, 0.11]
